index,image_name,status,detected_ids,registered_ids,used_ids,x_mm,y_mm,z_mm,yaw_deg,spread_mm,nearest_landmark,nearest_distance_mm,nearest_distance_m,location_text,image_path,result_dir,annotated_path,map_path,result_json,error
1,KakaoTalk_20260916_123755270_01_jpg.rf.fb58e191352ca15595c84308455a4595.jpg,NO_POSE,,,,,,,,,,,,유효한 등록 ArUco Pose가 없습니다.,C:\Users\한국전파진흥협회\OneDrive\바탕 화면\aaa\KakaoTalk_20260916_123755270_01_jpg.rf.fb58e191352ca15595c84308455a4595.jpg,C:\Users\한국전파진흥협회\OneDrive\바탕 화면\git p11\machine-vision1\image_results\0001_KakaoTalk_20260916_123755270_01_jpg_rf_fb58e191352ca15595c84308455a4595,C:\Users\한국전파진흥협회\OneDrive\바탕 화면\git p11\machine-vision1\image_results\0001_KakaoTalk_20260916_123755270_01_jpg_rf_fb58e191352ca15595c84308455a4595\annotated.png,C:\Users\한국전파진흥협회\OneDrive\바탕 화면\git p11\machine-vision1\image_results\0001_KakaoTalk_20260916_123755270_01_jpg_rf_fb58e191352ca15595c84308455a4595\map.png,C:\Users\한국전파진흥협회\OneDrive\바탕 화면\git p11\machine-vision1\image_results\0001_KakaoTalk_20260916_123755270_01_jpg_rf_fb58e191352ca15595c84308455a4595\result.json,
2,KakaoTalk_20260916_123755270_02_jpg.rf.e70c4fb2a6728527945d165a081d6853.jpg,NO_POSE,,,,,,,,,,,,유효한 등록 ArUco Pose가 없습니다.,C:\Users\한국전파진흥협회\OneDrive\바탕 화면\aaa\KakaoTalk_20260916_123755270_02_jpg.rf.e70c4fb2a6728527945d165a081d6853.jpg,C:\Users\한국전파진흥협회\OneDrive\바탕 화면\git p11\machine-vision1\image_results\0002_KakaoTalk_20260916_123755270_02_jpg_rf_e70c4fb2a6728527945d165a081d6853,C:\Users\한국전파진흥협회\OneDrive\바탕 화면\git p11\machine-vision1\image_results\0002_KakaoTalk_20260916_123755270_02_jpg_rf_e70c4fb2a6728527945d165a081d6853\annotated.png,C:\Users\한국전파진흥협회\OneDrive\바탕 화면\git p11\machine-vision1\image_results\0002_KakaoTalk_20260916_123755270_02_jpg_rf_e70c4fb2a6728527945d165a081d6853\map.png,C:\Users\한국전파진흥협회\OneDrive\바탕 화면\git p11\machine-vision1\image_results\0002_KakaoTalk_20260916_123755270_02_jpg_rf_e70c4fb2a6728527945d165a081d6853\result.json,
3,KakaoTalk_20260916_123755270_03_jpg.rf.46d2d1b6517d11dff0b699e16d3416fb.jpg,NO_POSE,,,,,,,,,,,,유효한 등록 ArUco Pose가 없습니다.,C:\Users\한국전파진흥협회\OneDrive\바탕 화면\aaa\KakaoTalk_20260916_123755270_03_jpg.rf.46d2d1b6517d11dff0b699e16d3416fb.jpg,C:\Users\한국전파진흥협회\OneDrive\바탕 화면\git p11\machine-vision1\image_results\0003_KakaoTalk_20260916_123755270_03_jpg_rf_46d2d1b6517d11dff0b699e16d3416fb,C:\Users\한국전파진흥협회\OneDrive\바탕 화면\git p11\machine-vision1\image_results\0003_KakaoTalk_20260916_123755270_03_jpg_rf_46d2d1b6517d11dff0b699e16d3416fb\annotated.png,C:\Users\한국전파진흥협회\OneDrive\바탕 화면\git p11\machine-vision1\image_results\0003_KakaoTalk_20260916_123755270_03_jpg_rf_46d2d1b6517d11dff0b699e16d3416fb\map.png,C:\Users\한국전파진흥협회\OneDrive\바탕 화면\git p11\machine-vision1\image_results\0003_KakaoTalk_20260916_123755270_03_jpg_rf_46d2d1b6517d11dff0b699e16d3416fb\result.json,
4,KakaoTalk_20260916_123755270_04_jpg.rf.b7a660c973b3a02d8cf80bdfd37f0b11.jpg,NO_POSE,,,,,,,,,,,,유효한 등록 ArUco Pose가 없습니다.,C:\Users\한국전파진흥협회\OneDrive\바탕 화면\aaa\KakaoTalk_20260916_123755270_04_jpg.rf.b7a660c973b3a02d8cf80bdfd37f0b11.jpg,C:\Users\한국전파진흥협회\OneDrive\바탕 화면\git p11\machine-vision1\image_results\0004_KakaoTalk_20260916_123755270_04_jpg_rf_b7a660c973b3a02d8cf80bdfd37f0b11,C:\Users\한국전파진흥협회\OneDrive\바탕 화면\git p11\machine-vision1\image_results\0004_KakaoTalk_20260916_123755270_04_jpg_rf_b7a660c973b3a02d8cf80bdfd37f0b11\annotated.png,C:\Users\한국전파진흥협회\OneDrive\바탕 화면\git p11\machine-vision1\image_results\0004_KakaoTalk_20260916_123755270_04_jpg_rf_b7a660c973b3a02d8cf80bdfd37f0b11\map.png,C:\Users\한국전파진흥협회\OneDrive\바탕 화면\git p11\machine-vision1\image_results\0004_KakaoTalk_20260916_123755270_04_jpg_rf_b7a660c973b3a02d8cf80bdfd37f0b11\result.json,
5,KakaoTalk_20260916_123755270_05_jpg.rf.23419f645b65ddbe22e1f8125ca806f5.jpg,NO_POSE,,,,,,,,,,,,유효한 등록 ArUco Pose가 없습니다.,C:\Users\한국전파진흥협회\OneDrive\바탕 화면\aaa\KakaoTalk_20260916_123755270_05_jpg.rf.23419f645b65ddbe22e1f8125ca806f5.jpg,C:\Users\한국전파진흥협회\OneDrive\바탕 화면\git p11\machine-vision1\image_results\0005_KakaoTalk_20260916_123755270_05_jpg_rf_23419f645b65ddbe22e1f8125ca806f5,C:\Users\한국전파진흥협회\OneDrive\바탕 화면\git p11\machine-vision1\image_results\0005_KakaoTalk_20260916_123755270_05_jpg_rf_23419f645b65ddbe22e1f8125ca806f5\annotated.png,C:\Users\한국전파진흥협회\OneDrive\바탕 화면\git p11\machine-vision1\image_results\0005_KakaoTalk_20260916_123755270_05_jpg_rf_23419f645b65ddbe22e1f8125ca806f5\map.png,C:\Users\한국전파진흥협회\OneDrive\바탕 화면\git p11\machine-vision1\image_results\0005_KakaoTalk_20260916_123755270_05_jpg_rf_23419f645b65ddbe22e1f8125ca806f5\result.json,
6,KakaoTalk_20260916_123755270_15_jpg.rf.ca9a15bb92c604e10a4ad039cffc206d.jpg,OK,"2,4","2,4",2,19539.93201223841,-809.259661024975,1072.332443342637,64.52769561635489,0.0,2번강의실,815.4230810670688,0.8154230810670687,2번강의실 주변입니다.,C:\Users\한국전파진흥협회\OneDrive\바탕 화면\aaa\KakaoTalk_20260916_123755270_15_jpg.rf.ca9a15bb92c604e10a4ad039cffc206d.jpg,C:\Users\한국전파진흥협회\OneDrive\바탕 화면\git p11\machine-vision1\image_results\0006_KakaoTalk_20260916_123755270_15_jpg_rf_ca9a15bb92c604e10a4ad039cffc206d,C:\Users\한국전파진흥협회\OneDrive\바탕 화면\git p11\machine-vision1\image_results\0006_KakaoTalk_20260916_123755270_15_jpg_rf_ca9a15bb92c604e10a4ad039cffc206d\annotated.png,C:\Users\한국전파진흥협회\OneDrive\바탕 화면\git p11\machine-vision1\image_results\0006_KakaoTalk_20260916_123755270_15_jpg_rf_ca9a15bb92c604e10a4ad039cffc206d\map.png,C:\Users\한국전파진흥협회\OneDrive\바탕 화면\git p11\machine-vision1\image_results\0006_KakaoTalk_20260916_123755270_15_jpg_rf_ca9a15bb92c604e10a4ad039cffc206d\result.json,
7,KakaoTalk_20260916_123755270_18_jpg.rf.c0eac71a713c32af2eac017424a3ac13.jpg,NO_POSE,,,,,,,,,,,,유효한 등록 ArUco Pose가 없습니다.,C:\Users\한국전파진흥협회\OneDrive\바탕 화면\aaa\KakaoTalk_20260916_123755270_18_jpg.rf.c0eac71a713c32af2eac017424a3ac13.jpg,C:\Users\한국전파진흥협회\OneDrive\바탕 화면\git p11\machine-vision1\image_results\0007_KakaoTalk_20260916_123755270_18_jpg_rf_c0eac71a713c32af2eac017424a3ac13,C:\Users\한국전파진흥협회\OneDrive\바탕 화면\git p11\machine-vision1\image_results\0007_KakaoTalk_20260916_123755270_18_jpg_rf_c0eac71a713c32af2eac017424a3ac13\annotated.png,C:\Users\한국전파진흥협회\OneDrive\바탕 화면\git p11\machine-vision1\image_results\0007_KakaoTalk_20260916_123755270_18_jpg_rf_c0eac71a713c32af2eac017424a3ac13\map.png,C:\Users\한국전파진흥협회\OneDrive\바탕 화면\git p11\machine-vision1\image_results\0007_KakaoTalk_20260916_123755270_18_jpg_rf_c0eac71a713c32af2eac017424a3ac13\result.json,
8,KakaoTalk_20260916_123755270_19_jpg.rf.0bfaca34a80abde682203cbe2aaf4dfb.jpg,OK,5,5,5,21183.123213068913,1621.4371528249014,1022.4156691798107,84.98269767506552,0.0,2번강의실,2238.3671931282965,2.2383671931282967,2번강의실 주변입니다.,C:\Users\한국전파진흥협회\OneDrive\바탕 화면\aaa\KakaoTalk_20260916_123755270_19_jpg.rf.0bfaca34a80abde682203cbe2aaf4dfb.jpg,C:\Users\한국전파진흥협회\OneDrive\바탕 화면\git p11\machine-vision1\image_results\0008_KakaoTalk_20260916_123755270_19_jpg_rf_0bfaca34a80abde682203cbe2aaf4dfb,C:\Users\한국전파진흥협회\OneDrive\바탕 화면\git p11\machine-vision1\image_results\0008_KakaoTalk_20260916_123755270_19_jpg_rf_0bfaca34a80abde682203cbe2aaf4dfb\annotated.png,C:\Users\한국전파진흥협회\OneDrive\바탕 화면\git p11\machine-vision1\image_results\0008_KakaoTalk_20260916_123755270_19_jpg_rf_0bfaca34a80abde682203cbe2aaf4dfb\map.png,C:\Users\한국전파진흥협회\OneDrive\바탕 화면\git p11\machine-vision1\image_results\0008_KakaoTalk_20260916_123755270_19_jpg_rf_0bfaca34a80abde682203cbe2aaf4dfb\result.json,
9,KakaoTalk_20260916_123755270_20_jpg.rf.339207ca3ce297e53fc5158f26cb0ffb.jpg,OK,5,5,5,20352.760119082304,1074.8147206409672,1111.0273476316997,71.63917984253213,0.0,2번강의실,1289.6719238088192,1.2896719238088192,2번강의실 주변입니다.,C:\Users\한국전파진흥협회\OneDrive\바탕 화면\aaa\KakaoTalk_20260916_123755270_20_jpg.rf.339207ca3ce297e53fc5158f26cb0ffb.jpg,C:\Users\한국전파진흥협회\OneDrive\바탕 화면\git p11\machine-vision1\image_results\0009_KakaoTalk_20260916_123755270_20_jpg_rf_339207ca3ce297e53fc5158f26cb0ffb,C:\Users\한국전파진흥협회\OneDrive\바탕 화면\git p11\machine-vision1\image_results\0009_KakaoTalk_20260916_123755270_20_jpg_rf_339207ca3ce297e53fc5158f26cb0ffb\annotated.png,C:\Users\한국전파진흥협회\OneDrive\바탕 화면\git p11\machine-vision1\image_results\0009_KakaoTalk_20260916_123755270_20_jpg_rf_339207ca3ce297e53fc5158f26cb0ffb\map.png,C:\Users\한국전파진흥협회\OneDrive\바탕 화면\git p11\machine-vision1\image_results\0009_KakaoTalk_20260916_123755270_20_jpg_rf_339207ca3ce297e53fc5158f26cb0ffb\result.json,
10,KakaoTalk_20260916_123755270_21_jpg.rf.8a47cfe1beee10efd15f892dbd94d7d2.jpg,OK,4,4,4,18039.698886984574,951.2570177751525,-196.40967368921758,-2.657879678977713,0.0,2번강의실,1861.6803071915674,1.8616803071915675,2번강의실 주변입니다.,C:\Users\한국전파진흥협회\OneDrive\바탕 화면\aaa\KakaoTalk_20260916_123755270_21_jpg.rf.8a47cfe1beee10efd15f892dbd94d7d2.jpg,C:\Users\한국전파진흥협회\OneDrive\바탕 화면\git p11\machine-vision1\image_results\0010_KakaoTalk_20260916_123755270_21_jpg_rf_8a47cfe1beee10efd15f892dbd94d7d2,C:\Users\한국전파진흥협회\OneDrive\바탕 화면\git p11\machine-vision1\image_results\0010_KakaoTalk_20260916_123755270_21_jpg_rf_8a47cfe1beee10efd15f892dbd94d7d2\annotated.png,C:\Users\한국전파진흥협회\OneDrive\바탕 화면\git p11\machine-vision1\image_results\0010_KakaoTalk_20260916_123755270_21_jpg_rf_8a47cfe1beee10efd15f892dbd94d7d2\map.png,C:\Users\한국전파진흥협회\OneDrive\바탕 화면\git p11\machine-vision1\image_results\0010_KakaoTalk_20260916_123755270_21_jpg_rf_8a47cfe1beee10efd15f892dbd94d7d2\result.json,
11,KakaoTalk_20260916_123755270_23_jpg.rf.6c880267439020034e986392cb230207.jpg,NO_POSE,,,,,,,,,,,,유효한 등록 ArUco Pose가 없습니다.,C:\Users\한국전파진흥협회\OneDrive\바탕 화면\aaa\KakaoTalk_20260916_123755270_23_jpg.rf.6c880267439020034e986392cb230207.jpg,C:\Users\한국전파진흥협회\OneDrive\바탕 화면\git p11\machine-vision1\image_results\0011_KakaoTalk_20260916_123755270_23_jpg_rf_6c880267439020034e986392cb230207,C:\Users\한국전파진흥협회\OneDrive\바탕 화면\git p11\machine-vision1\image_results\0011_KakaoTalk_20260916_123755270_23_jpg_rf_6c880267439020034e986392cb230207\annotated.png,C:\Users\한국전파진흥협회\OneDrive\바탕 화면\git p11\machine-vision1\image_results\0011_KakaoTalk_20260916_123755270_23_jpg_rf_6c880267439020034e986392cb230207\map.png,C:\Users\한국전파진흥협회\OneDrive\바탕 화면\git p11\machine-vision1\image_results\0011_KakaoTalk_20260916_123755270_23_jpg_rf_6c880267439020034e986392cb230207\result.json,
12,KakaoTalk_20260916_123755270_25_jpg.rf.ec716bf7bff31f47a1be82b601e57f4a.jpg,NO_POSE,,,,,,,,,,,,유효한 등록 ArUco Pose가 없습니다.,C:\Users\한국전파진흥협회\OneDrive\바탕 화면\aaa\KakaoTalk_20260916_123755270_25_jpg.rf.ec716bf7bff31f47a1be82b601e57f4a.jpg,C:\Users\한국전파진흥협회\OneDrive\바탕 화면\git p11\machine-vision1\image_results\0012_KakaoTalk_20260916_123755270_25_jpg_rf_ec716bf7bff31f47a1be82b601e57f4a,C:\Users\한국전파진흥협회\OneDrive\바탕 화면\git p11\machine-vision1\image_results\0012_KakaoTalk_20260916_123755270_25_jpg_rf_ec716bf7bff31f47a1be82b601e57f4a\annotated.png,C:\Users\한국전파진흥협회\OneDrive\바탕 화면\git p11\machine-vision1\image_results\0012_KakaoTalk_20260916_123755270_25_jpg_rf_ec716bf7bff31f47a1be82b601e57f4a\map.png,C:\Users\한국전파진흥협회\OneDrive\바탕 화면\git p11\machine-vision1\image_results\0012_KakaoTalk_20260916_123755270_25_jpg_rf_ec716bf7bff31f47a1be82b601e57f4a\result.json,
13,KakaoTalk_20260916_123755270_28_jpg.rf.356436de0fb1e7c3e6e9b04f0641fd99.jpg,OK,"17,5","17,5","17,5",18735.18302053185,703.30043775177,1538.4762571767667,43.587850594979294,1023.8205612648677,2번강의실,1146.0040454011041,1.1460040454011042,2번강의실 주변입니다.,C:\Users\한국전파진흥협회\OneDrive\바탕 화면\aaa\KakaoTalk_20260916_123755270_28_jpg.rf.356436de0fb1e7c3e6e9b04f0641fd99.jpg,C:\Users\한국전파진흥협회\OneDrive\바탕 화면\git p11\machine-vision1\image_results\0013_KakaoTalk_20260916_123755270_28_jpg_rf_356436de0fb1e7c3e6e9b04f0641fd99,C:\Users\한국전파진흥협회\OneDrive\바탕 화면\git p11\machine-vision1\image_results\0013_KakaoTalk_20260916_123755270_28_jpg_rf_356436de0fb1e7c3e6e9b04f0641fd99\annotated.png,C:\Users\한국전파진흥협회\OneDrive\바탕 화면\git p11\machine-vision1\image_results\0013_KakaoTalk_20260916_123755270_28_jpg_rf_356436de0fb1e7c3e6e9b04f0641fd99\map.png,C:\Users\한국전파진흥협회\OneDrive\바탕 화면\git p11\machine-vision1\image_results\0013_KakaoTalk_20260916_123755270_28_jpg_rf_356436de0fb1e7c3e6e9b04f0641fd99\result.json,
14,KakaoTalk_20260916_123755270_jpg.rf.036b628215c041d1629e975a528f1903.jpg,NO_POSE,,,,,,,,,,,,유효한 등록 ArUco Pose가 없습니다.,C:\Users\한국전파진흥협회\OneDrive\바탕 화면\aaa\KakaoTalk_20260916_123755270_jpg.rf.036b628215c041d1629e975a528f1903.jpg,C:\Users\한국전파진흥협회\OneDrive\바탕 화면\git p11\machine-vision1\image_results\0014_KakaoTalk_20260916_123755270_jpg_rf_036b628215c041d1629e975a528f1903,C:\Users\한국전파진흥협회\OneDrive\바탕 화면\git p11\machine-vision1\image_results\0014_KakaoTalk_20260916_123755270_jpg_rf_036b628215c041d1629e975a528f1903\annotated.png,C:\Users\한국전파진흥협회\OneDrive\바탕 화면\git p11\machine-vision1\image_results\0014_KakaoTalk_20260916_123755270_jpg_rf_036b628215c041d1629e975a528f1903\map.png,C:\Users\한국전파진흥협회\OneDrive\바탕 화면\git p11\machine-vision1\image_results\0014_KakaoTalk_20260916_123755270_jpg_rf_036b628215c041d1629e975a528f1903\result.json,
15,KakaoTalk_20260916_123810793_04_jpg.rf.8a7df828c45861208f834ac461ef4274.jpg,NO_POSE,,,,,,,,,,,,유효한 등록 ArUco Pose가 없습니다.,C:\Users\한국전파진흥협회\OneDrive\바탕 화면\aaa\KakaoTalk_20260916_123810793_04_jpg.rf.8a7df828c45861208f834ac461ef4274.jpg,C:\Users\한국전파진흥협회\OneDrive\바탕 화면\git p11\machine-vision1\image_results\0015_KakaoTalk_20260916_123810793_04_jpg_rf_8a7df828c45861208f834ac461ef4274,C:\Users\한국전파진흥협회\OneDrive\바탕 화면\git p11\machine-vision1\image_results\0015_KakaoTalk_20260916_123810793_04_jpg_rf_8a7df828c45861208f834ac461ef4274\annotated.png,C:\Users\한국전파진흥협회\OneDrive\바탕 화면\git p11\machine-vision1\image_results\0015_KakaoTalk_20260916_123810793_04_jpg_rf_8a7df828c45861208f834ac461ef4274\map.png,C:\Users\한국전파진흥협회\OneDrive\바탕 화면\git p11\machine-vision1\image_results\0015_KakaoTalk_20260916_123810793_04_jpg_rf_8a7df828c45861208f834ac461ef4274\result.json,
16,KakaoTalk_20260916_123810793_06_jpg.rf.30694cfd707c8525d0180228eb75587e.jpg,NO_POSE,,,,,,,,,,,,유효한 등록 ArUco Pose가 없습니다.,C:\Users\한국전파진흥협회\OneDrive\바탕 화면\aaa\KakaoTalk_20260916_123810793_06_jpg.rf.30694cfd707c8525d0180228eb75587e.jpg,C:\Users\한국전파진흥협회\OneDrive\바탕 화면\git p11\machine-vision1\image_results\0016_KakaoTalk_20260916_123810793_06_jpg_rf_30694cfd707c8525d0180228eb75587e,C:\Users\한국전파진흥협회\OneDrive\바탕 화면\git p11\machine-vision1\image_results\0016_KakaoTalk_20260916_123810793_06_jpg_rf_30694cfd707c8525d0180228eb75587e\annotated.png,C:\Users\한국전파진흥협회\OneDrive\바탕 화면\git p11\machine-vision1\image_results\0016_KakaoTalk_20260916_123810793_06_jpg_rf_30694cfd707c8525d0180228eb75587e\map.png,C:\Users\한국전파진흥협회\OneDrive\바탕 화면\git p11\machine-vision1\image_results\0016_KakaoTalk_20260916_123810793_06_jpg_rf_30694cfd707c8525d0180228eb75587e\result.json,
17,KakaoTalk_20260916_123810793_07_jpg.rf.4708db86617c4bd4ed71d31e0de75bb1.jpg,NO_POSE,,,,,,,,,,,,유효한 등록 ArUco Pose가 없습니다.,C:\Users\한국전파진흥협회\OneDrive\바탕 화면\aaa\KakaoTalk_20260916_123810793_07_jpg.rf.4708db86617c4bd4ed71d31e0de75bb1.jpg,C:\Users\한국전파진흥협회\OneDrive\바탕 화면\git p11\machine-vision1\image_results\0017_KakaoTalk_20260916_123810793_07_jpg_rf_4708db86617c4bd4ed71d31e0de75bb1,C:\Users\한국전파진흥협회\OneDrive\바탕 화면\git p11\machine-vision1\image_results\0017_KakaoTalk_20260916_123810793_07_jpg_rf_4708db86617c4bd4ed71d31e0de75bb1\annotated.png,C:\Users\한국전파진흥협회\OneDrive\바탕 화면\git p11\machine-vision1\image_results\0017_KakaoTalk_20260916_123810793_07_jpg_rf_4708db86617c4bd4ed71d31e0de75bb1\map.png,C:\Users\한국전파진흥협회\OneDrive\바탕 화면\git p11\machine-vision1\image_results\0017_KakaoTalk_20260916_123810793_07_jpg_rf_4708db86617c4bd4ed71d31e0de75bb1\result.json,
18,KakaoTalk_20260916_123820771_01_jpg.rf.0b12bd9f935aa5a23c88944d5515985a.jpg,OK,8,8,8,21179.426546627044,5306.180880333815,1364.1452245081357,120.50815027059907,0.0,쪽문,1723.5232486736118,1.7235232486736118,쪽문 주변입니다.,C:\Users\한국전파진흥협회\OneDrive\바탕 화면\aaa\KakaoTalk_20260916_123820771_01_jpg.rf.0b12bd9f935aa5a23c88944d5515985a.jpg,C:\Users\한국전파진흥협회\OneDrive\바탕 화면\git p11\machine-vision1\image_results\0018_KakaoTalk_20260916_123820771_01_jpg_rf_0b12bd9f935aa5a23c88944d5515985a,C:\Users\한국전파진흥협회\OneDrive\바탕 화면\git p11\machine-vision1\image_results\0018_KakaoTalk_20260916_123820771_01_jpg_rf_0b12bd9f935aa5a23c88944d5515985a\annotated.png,C:\Users\한국전파진흥협회\OneDrive\바탕 화면\git p11\machine-vision1\image_results\0018_KakaoTalk_20260916_123820771_01_jpg_rf_0b12bd9f935aa5a23c88944d5515985a\map.png,C:\Users\한국전파진흥협회\OneDrive\바탕 화면\git p11\machine-vision1\image_results\0018_KakaoTalk_20260916_123820771_01_jpg_rf_0b12bd9f935aa5a23c88944d5515985a\result.json,
19,KakaoTalk_20260916_123820771_02_jpg.rf.1aa3559f3a9a97e540fec28aa5e09950.jpg,OK,12,12,12,20253.82801447149,4329.56143444397,1485.9210190568137,93.42986915627836,0.0,쪽문,2462.9911906484003,2.4629911906484003,쪽문 주변입니다.,C:\Users\한국전파진흥협회\OneDrive\바탕 화면\aaa\KakaoTalk_20260916_123820771_02_jpg.rf.1aa3559f3a9a97e540fec28aa5e09950.jpg,C:\Users\한국전파진흥협회\OneDrive\바탕 화면\git p11\machine-vision1\image_results\0019_KakaoTalk_20260916_123820771_02_jpg_rf_1aa3559f3a9a97e540fec28aa5e09950,C:\Users\한국전파진흥협회\OneDrive\바탕 화면\git p11\machine-vision1\image_results\0019_KakaoTalk_20260916_123820771_02_jpg_rf_1aa3559f3a9a97e540fec28aa5e09950\annotated.png,C:\Users\한국전파진흥협회\OneDrive\바탕 화면\git p11\machine-vision1\image_results\0019_KakaoTalk_20260916_123820771_02_jpg_rf_1aa3559f3a9a97e540fec28aa5e09950\map.png,C:\Users\한국전파진흥협회\OneDrive\바탕 화면\git p11\machine-vision1\image_results\0019_KakaoTalk_20260916_123820771_02_jpg_rf_1aa3559f3a9a97e540fec28aa5e09950\result.json,
20,KakaoTalk_20260916_123820771_03_jpg.rf.ed7d7de1c0328e0b1af9b1aa7f8a3971.jpg,NO_POSE,,,,,,,,,,,,유효한 등록 ArUco Pose가 없습니다.,C:\Users\한국전파진흥협회\OneDrive\바탕 화면\aaa\KakaoTalk_20260916_123820771_03_jpg.rf.ed7d7de1c0328e0b1af9b1aa7f8a3971.jpg,C:\Users\한국전파진흥협회\OneDrive\바탕 화면\git p11\machine-vision1\image_results\0020_KakaoTalk_20260916_123820771_03_jpg_rf_ed7d7de1c0328e0b1af9b1aa7f8a3971,C:\Users\한국전파진흥협회\OneDrive\바탕 화면\git p11\machine-vision1\image_results\0020_KakaoTalk_20260916_123820771_03_jpg_rf_ed7d7de1c0328e0b1af9b1aa7f8a3971\annotated.png,C:\Users\한국전파진흥협회\OneDrive\바탕 화면\git p11\machine-vision1\image_results\0020_KakaoTalk_20260916_123820771_03_jpg_rf_ed7d7de1c0328e0b1af9b1aa7f8a3971\map.png,C:\Users\한국전파진흥협회\OneDrive\바탕 화면\git p11\machine-vision1\image_results\0020_KakaoTalk_20260916_123820771_03_jpg_rf_ed7d7de1c0328e0b1af9b1aa7f8a3971\result.json,
21,KakaoTalk_20260916_123820771_04_jpg.rf.1e7532a87afbb909effc4035571f12e4.jpg,NO_POSE,,,,,,,,,,,,유효한 등록 ArUco Pose가 없습니다.,C:\Users\한국전파진흥협회\OneDrive\바탕 화면\aaa\KakaoTalk_20260916_123820771_04_jpg.rf.1e7532a87afbb909effc4035571f12e4.jpg,C:\Users\한국전파진흥협회\OneDrive\바탕 화면\git p11\machine-vision1\image_results\0021_KakaoTalk_20260916_123820771_04_jpg_rf_1e7532a87afbb909effc4035571f12e4,C:\Users\한국전파진흥협회\OneDrive\바탕 화면\git p11\machine-vision1\image_results\0021_KakaoTalk_20260916_123820771_04_jpg_rf_1e7532a87afbb909effc4035571f12e4\annotated.png,C:\Users\한국전파진흥협회\OneDrive\바탕 화면\git p11\machine-vision1\image_results\0021_KakaoTalk_20260916_123820771_04_jpg_rf_1e7532a87afbb909effc4035571f12e4\map.png,C:\Users\한국전파진흥협회\OneDrive\바탕 화면\git p11\machine-vision1\image_results\0021_KakaoTalk_20260916_123820771_04_jpg_rf_1e7532a87afbb909effc4035571f12e4\result.json,
22,KakaoTalk_20260916_123820771_11_jpg.rf.581ce0de000290e34f0c3d5fd2e3cc4d.jpg,OK,13,13,13,638.5552765091439,623.8352619157032,1706.6907121750671,-46.73138901711074,0.0,4번강의실,639.0367741045576,0.6390367741045576,4번강의실 주변입니다.,C:\Users\한국전파진흥협회\OneDrive\바탕 화면\aaa\KakaoTalk_20260916_123820771_11_jpg.rf.581ce0de000290e34f0c3d5fd2e3cc4d.jpg,C:\Users\한국전파진흥협회\OneDrive\바탕 화면\git p11\machine-vision1\image_results\0022_KakaoTalk_20260916_123820771_11_jpg_rf_581ce0de000290e34f0c3d5fd2e3cc4d,C:\Users\한국전파진흥협회\OneDrive\바탕 화면\git p11\machine-vision1\image_results\0022_KakaoTalk_20260916_123820771_11_jpg_rf_581ce0de000290e34f0c3d5fd2e3cc4d\annotated.png,C:\Users\한국전파진흥협회\OneDrive\바탕 화면\git p11\machine-vision1\image_results\0022_KakaoTalk_20260916_123820771_11_jpg_rf_581ce0de000290e34f0c3d5fd2e3cc4d\map.png,C:\Users\한국전파진흥협회\OneDrive\바탕 화면\git p11\machine-vision1\image_results\0022_KakaoTalk_20260916_123820771_11_jpg_rf_581ce0de000290e34f0c3d5fd2e3cc4d\result.json,
23,KakaoTalk_20260916_123820771_12_jpg.rf.439db520512f2b417da024dae627330f.jpg,NO_POSE,,,,,,,,,,,,유효한 등록 ArUco Pose가 없습니다.,C:\Users\한국전파진흥협회\OneDrive\바탕 화면\aaa\KakaoTalk_20260916_123820771_12_jpg.rf.439db520512f2b417da024dae627330f.jpg,C:\Users\한국전파진흥협회\OneDrive\바탕 화면\git p11\machine-vision1\image_results\0023_KakaoTalk_20260916_123820771_12_jpg_rf_439db520512f2b417da024dae627330f,C:\Users\한국전파진흥협회\OneDrive\바탕 화면\git p11\machine-vision1\image_results\0023_KakaoTalk_20260916_123820771_12_jpg_rf_439db520512f2b417da024dae627330f\annotated.png,C:\Users\한국전파진흥협회\OneDrive\바탕 화면\git p11\machine-vision1\image_results\0023_KakaoTalk_20260916_123820771_12_jpg_rf_439db520512f2b417da024dae627330f\map.png,C:\Users\한국전파진흥협회\OneDrive\바탕 화면\git p11\machine-vision1\image_results\0023_KakaoTalk_20260916_123820771_12_jpg_rf_439db520512f2b417da024dae627330f\result.json,
24,KakaoTalk_20260916_123820771_13_jpg.rf.b99bc79ec4327f86f066fcd1da61a991.jpg,NO_POSE,,,,,,,,,,,,유효한 등록 ArUco Pose가 없습니다.,C:\Users\한국전파진흥협회\OneDrive\바탕 화면\aaa\KakaoTalk_20260916_123820771_13_jpg.rf.b99bc79ec4327f86f066fcd1da61a991.jpg,C:\Users\한국전파진흥협회\OneDrive\바탕 화면\git p11\machine-vision1\image_results\0024_KakaoTalk_20260916_123820771_13_jpg_rf_b99bc79ec4327f86f066fcd1da61a991,C:\Users\한국전파진흥협회\OneDrive\바탕 화면\git p11\machine-vision1\image_results\0024_KakaoTalk_20260916_123820771_13_jpg_rf_b99bc79ec4327f86f066fcd1da61a991\annotated.png,C:\Users\한국전파진흥협회\OneDrive\바탕 화면\git p11\machine-vision1\image_results\0024_KakaoTalk_20260916_123820771_13_jpg_rf_b99bc79ec4327f86f066fcd1da61a991\map.png,C:\Users\한국전파진흥협회\OneDrive\바탕 화면\git p11\machine-vision1\image_results\0024_KakaoTalk_20260916_123820771_13_jpg_rf_b99bc79ec4327f86f066fcd1da61a991\result.json,
25,KakaoTalk_20260916_123820771_14_jpg.rf.fb5fa62e9555c1bf218ef73e6aa46f51.jpg,NO_POSE,,,,,,,,,,,,유효한 등록 ArUco Pose가 없습니다.,C:\Users\한국전파진흥협회\OneDrive\바탕 화면\aaa\KakaoTalk_20260916_123820771_14_jpg.rf.fb5fa62e9555c1bf218ef73e6aa46f51.jpg,C:\Users\한국전파진흥협회\OneDrive\바탕 화면\git p11\machine-vision1\image_results\0025_KakaoTalk_20260916_123820771_14_jpg_rf_fb5fa62e9555c1bf218ef73e6aa46f51,C:\Users\한국전파진흥협회\OneDrive\바탕 화면\git p11\machine-vision1\image_results\0025_KakaoTalk_20260916_123820771_14_jpg_rf_fb5fa62e9555c1bf218ef73e6aa46f51\annotated.png,C:\Users\한국전파진흥협회\OneDrive\바탕 화면\git p11\machine-vision1\image_results\0025_KakaoTalk_20260916_123820771_14_jpg_rf_fb5fa62e9555c1bf218ef73e6aa46f51\map.png,C:\Users\한국전파진흥협회\OneDrive\바탕 화면\git p11\machine-vision1\image_results\0025_KakaoTalk_20260916_123820771_14_jpg_rf_fb5fa62e9555c1bf218ef73e6aa46f51\result.json,
26,KakaoTalk_20260916_123820771_16_jpg.rf.20078a3ff98a5593d9858a7be6d395ed.jpg,NO_POSE,,,,,,,,,,,,유효한 등록 ArUco Pose가 없습니다.,C:\Users\한국전파진흥협회\OneDrive\바탕 화면\aaa\KakaoTalk_20260916_123820771_16_jpg.rf.20078a3ff98a5593d9858a7be6d395ed.jpg,C:\Users\한국전파진흥협회\OneDrive\바탕 화면\git p11\machine-vision1\image_results\0026_KakaoTalk_20260916_123820771_16_jpg_rf_20078a3ff98a5593d9858a7be6d395ed,C:\Users\한국전파진흥협회\OneDrive\바탕 화면\git p11\machine-vision1\image_results\0026_KakaoTalk_20260916_123820771_16_jpg_rf_20078a3ff98a5593d9858a7be6d395ed\annotated.png,C:\Users\한국전파진흥협회\OneDrive\바탕 화면\git p11\machine-vision1\image_results\0026_KakaoTalk_20260916_123820771_16_jpg_rf_20078a3ff98a5593d9858a7be6d395ed\map.png,C:\Users\한국전파진흥협회\OneDrive\바탕 화면\git p11\machine-vision1\image_results\0026_KakaoTalk_20260916_123820771_16_jpg_rf_20078a3ff98a5593d9858a7be6d395ed\result.json,
27,KakaoTalk_20260916_123820771_17_jpg.rf.b7ceee93d11043ed8da8670383bb0410.jpg,OK,25,25,25,-4031.6024330663945,-1558.2308610989753,2247.115256828531,44.67929035716881,0.0,4번강의실,4792.025044577138,4.792025044577138,가장 가까운 문은 4번강의실이며 약 4.79 m 떨어져 있습니다.,C:\Users\한국전파진흥협회\OneDrive\바탕 화면\aaa\KakaoTalk_20260916_123820771_17_jpg.rf.b7ceee93d11043ed8da8670383bb0410.jpg,C:\Users\한국전파진흥협회\OneDrive\바탕 화면\git p11\machine-vision1\image_results\0027_KakaoTalk_20260916_123820771_17_jpg_rf_b7ceee93d11043ed8da8670383bb0410,C:\Users\한국전파진흥협회\OneDrive\바탕 화면\git p11\machine-vision1\image_results\0027_KakaoTalk_20260916_123820771_17_jpg_rf_b7ceee93d11043ed8da8670383bb0410\annotated.png,C:\Users\한국전파진흥협회\OneDrive\바탕 화면\git p11\machine-vision1\image_results\0027_KakaoTalk_20260916_123820771_17_jpg_rf_b7ceee93d11043ed8da8670383bb0410\map.png,C:\Users\한국전파진흥협회\OneDrive\바탕 화면\git p11\machine-vision1\image_results\0027_KakaoTalk_20260916_123820771_17_jpg_rf_b7ceee93d11043ed8da8670383bb0410\result.json,
28,KakaoTalk_20260916_123820771_18_jpg.rf.7326341ffdb766377642a6886a2a1a21.jpg,NO_POSE,,,,,,,,,,,,유효한 등록 ArUco Pose가 없습니다.,C:\Users\한국전파진흥협회\OneDrive\바탕 화면\aaa\KakaoTalk_20260916_123820771_18_jpg.rf.7326341ffdb766377642a6886a2a1a21.jpg,C:\Users\한국전파진흥협회\OneDrive\바탕 화면\git p11\machine-vision1\image_results\0028_KakaoTalk_20260916_123820771_18_jpg_rf_7326341ffdb766377642a6886a2a1a21,C:\Users\한국전파진흥협회\OneDrive\바탕 화면\git p11\machine-vision1\image_results\0028_KakaoTalk_20260916_123820771_18_jpg_rf_7326341ffdb766377642a6886a2a1a21\annotated.png,C:\Users\한국전파진흥협회\OneDrive\바탕 화면\git p11\machine-vision1\image_results\0028_KakaoTalk_20260916_123820771_18_jpg_rf_7326341ffdb766377642a6886a2a1a21\map.png,C:\Users\한국전파진흥협회\OneDrive\바탕 화면\git p11\machine-vision1\image_results\0028_KakaoTalk_20260916_123820771_18_jpg_rf_7326341ffdb766377642a6886a2a1a21\result.json,
29,KakaoTalk_20260916_123820771_20_jpg.rf.6c4edf7bc2da28e3623c5120838cbaa2.jpg,NO_POSE,,,,,,,,,,,,유효한 등록 ArUco Pose가 없습니다.,C:\Users\한국전파진흥협회\OneDrive\바탕 화면\aaa\KakaoTalk_20260916_123820771_20_jpg.rf.6c4edf7bc2da28e3623c5120838cbaa2.jpg,C:\Users\한국전파진흥협회\OneDrive\바탕 화면\git p11\machine-vision1\image_results\0029_KakaoTalk_20260916_123820771_20_jpg_rf_6c4edf7bc2da28e3623c5120838cbaa2,C:\Users\한국전파진흥협회\OneDrive\바탕 화면\git p11\machine-vision1\image_results\0029_KakaoTalk_20260916_123820771_20_jpg_rf_6c4edf7bc2da28e3623c5120838cbaa2\annotated.png,C:\Users\한국전파진흥협회\OneDrive\바탕 화면\git p11\machine-vision1\image_results\0029_KakaoTalk_20260916_123820771_20_jpg_rf_6c4edf7bc2da28e3623c5120838cbaa2\map.png,C:\Users\한국전파진흥협회\OneDrive\바탕 화면\git p11\machine-vision1\image_results\0029_KakaoTalk_20260916_123820771_20_jpg_rf_6c4edf7bc2da28e3623c5120838cbaa2\result.json,
30,KakaoTalk_20260916_123820771_21_jpg.rf.4e29a8d8b26ca6a09f18ba9402719170.jpg,NO_POSE,,,,,,,,,,,,유효한 등록 ArUco Pose가 없습니다.,C:\Users\한국전파진흥협회\OneDrive\바탕 화면\aaa\KakaoTalk_20260916_123820771_21_jpg.rf.4e29a8d8b26ca6a09f18ba9402719170.jpg,C:\Users\한국전파진흥협회\OneDrive\바탕 화면\git p11\machine-vision1\image_results\0030_KakaoTalk_20260916_123820771_21_jpg_rf_4e29a8d8b26ca6a09f18ba9402719170,C:\Users\한국전파진흥협회\OneDrive\바탕 화면\git p11\machine-vision1\image_results\0030_KakaoTalk_20260916_123820771_21_jpg_rf_4e29a8d8b26ca6a09f18ba9402719170\annotated.png,C:\Users\한국전파진흥협회\OneDrive\바탕 화면\git p11\machine-vision1\image_results\0030_KakaoTalk_20260916_123820771_21_jpg_rf_4e29a8d8b26ca6a09f18ba9402719170\map.png,C:\Users\한국전파진흥협회\OneDrive\바탕 화면\git p11\machine-vision1\image_results\0030_KakaoTalk_20260916_123820771_21_jpg_rf_4e29a8d8b26ca6a09f18ba9402719170\result.json,
31,KakaoTalk_20260916_123820771_22_jpg.rf.ecc0c53d0128bf4ababf76a2dc1d4b56.jpg,NO_POSE,,,,,,,,,,,,유효한 등록 ArUco Pose가 없습니다.,C:\Users\한국전파진흥협회\OneDrive\바탕 화면\aaa\KakaoTalk_20260916_123820771_22_jpg.rf.ecc0c53d0128bf4ababf76a2dc1d4b56.jpg,C:\Users\한국전파진흥협회\OneDrive\바탕 화면\git p11\machine-vision1\image_results\0031_KakaoTalk_20260916_123820771_22_jpg_rf_ecc0c53d0128bf4ababf76a2dc1d4b56,C:\Users\한국전파진흥협회\OneDrive\바탕 화면\git p11\machine-vision1\image_results\0031_KakaoTalk_20260916_123820771_22_jpg_rf_ecc0c53d0128bf4ababf76a2dc1d4b56\annotated.png,C:\Users\한국전파진흥협회\OneDrive\바탕 화면\git p11\machine-vision1\image_results\0031_KakaoTalk_20260916_123820771_22_jpg_rf_ecc0c53d0128bf4ababf76a2dc1d4b56\map.png,C:\Users\한국전파진흥협회\OneDrive\바탕 화면\git p11\machine-vision1\image_results\0031_KakaoTalk_20260916_123820771_22_jpg_rf_ecc0c53d0128bf4ababf76a2dc1d4b56\result.json,
32,KakaoTalk_20260916_123820771_23_jpg.rf.7c0b94b417b03c4d5fb88642dde27fa9.jpg,NO_POSE,,,,,,,,,,,,유효한 등록 ArUco Pose가 없습니다.,C:\Users\한국전파진흥협회\OneDrive\바탕 화면\aaa\KakaoTalk_20260916_123820771_23_jpg.rf.7c0b94b417b03c4d5fb88642dde27fa9.jpg,C:\Users\한국전파진흥협회\OneDrive\바탕 화면\git p11\machine-vision1\image_results\0032_KakaoTalk_20260916_123820771_23_jpg_rf_7c0b94b417b03c4d5fb88642dde27fa9,C:\Users\한국전파진흥협회\OneDrive\바탕 화면\git p11\machine-vision1\image_results\0032_KakaoTalk_20260916_123820771_23_jpg_rf_7c0b94b417b03c4d5fb88642dde27fa9\annotated.png,C:\Users\한국전파진흥협회\OneDrive\바탕 화면\git p11\machine-vision1\image_results\0032_KakaoTalk_20260916_123820771_23_jpg_rf_7c0b94b417b03c4d5fb88642dde27fa9\map.png,C:\Users\한국전파진흥협회\OneDrive\바탕 화면\git p11\machine-vision1\image_results\0032_KakaoTalk_20260916_123820771_23_jpg_rf_7c0b94b417b03c4d5fb88642dde27fa9\result.json,
33,KakaoTalk_20260916_123820771_24_jpg.rf.552b562fb1be618cf979f9147fc8a1c1.jpg,NO_POSE,,,,,,,,,,,,유효한 등록 ArUco Pose가 없습니다.,C:\Users\한국전파진흥협회\OneDrive\바탕 화면\aaa\KakaoTalk_20260916_123820771_24_jpg.rf.552b562fb1be618cf979f9147fc8a1c1.jpg,C:\Users\한국전파진흥협회\OneDrive\바탕 화면\git p11\machine-vision1\image_results\0033_KakaoTalk_20260916_123820771_24_jpg_rf_552b562fb1be618cf979f9147fc8a1c1,C:\Users\한국전파진흥협회\OneDrive\바탕 화면\git p11\machine-vision1\image_results\0033_KakaoTalk_20260916_123820771_24_jpg_rf_552b562fb1be618cf979f9147fc8a1c1\annotated.png,C:\Users\한국전파진흥협회\OneDrive\바탕 화면\git p11\machine-vision1\image_results\0033_KakaoTalk_20260916_123820771_24_jpg_rf_552b562fb1be618cf979f9147fc8a1c1\map.png,C:\Users\한국전파진흥협회\OneDrive\바탕 화면\git p11\machine-vision1\image_results\0033_KakaoTalk_20260916_123820771_24_jpg_rf_552b562fb1be618cf979f9147fc8a1c1\result.json,
34,KakaoTalk_20260916_142530601_01_jpg.rf.2606e204ad8519da25574762ac8f431e.jpg,OK,4,4,4,23263.53458031793,673.3794845725366,457.2375650221385,-148.93564827669496,0.0,2번강의실,3685.5722466128664,3.685572246612866,가장 가까운 문은 2번강의실이며 약 3.69 m 떨어져 있습니다.,C:\Users\한국전파진흥협회\OneDrive\바탕 화면\aaa\KakaoTalk_20260916_142530601_01_jpg.rf.2606e204ad8519da25574762ac8f431e.jpg,C:\Users\한국전파진흥협회\OneDrive\바탕 화면\git p11\machine-vision1\image_results\0034_KakaoTalk_20260916_142530601_01_jpg_rf_2606e204ad8519da25574762ac8f431e,C:\Users\한국전파진흥협회\OneDrive\바탕 화면\git p11\machine-vision1\image_results\0034_KakaoTalk_20260916_142530601_01_jpg_rf_2606e204ad8519da25574762ac8f431e\annotated.png,C:\Users\한국전파진흥협회\OneDrive\바탕 화면\git p11\machine-vision1\image_results\0034_KakaoTalk_20260916_142530601_01_jpg_rf_2606e204ad8519da25574762ac8f431e\map.png,C:\Users\한국전파진흥협회\OneDrive\바탕 화면\git p11\machine-vision1\image_results\0034_KakaoTalk_20260916_142530601_01_jpg_rf_2606e204ad8519da25574762ac8f431e\result.json,
35,KakaoTalk_20260916_142530601_02_jpg.rf.e77f206567d0bff913d40570a60e51ef.jpg,NO_POSE,,,,,,,,,,,,유효한 등록 ArUco Pose가 없습니다.,C:\Users\한국전파진흥협회\OneDrive\바탕 화면\aaa\KakaoTalk_20260916_142530601_02_jpg.rf.e77f206567d0bff913d40570a60e51ef.jpg,C:\Users\한국전파진흥협회\OneDrive\바탕 화면\git p11\machine-vision1\image_results\0035_KakaoTalk_20260916_142530601_02_jpg_rf_e77f206567d0bff913d40570a60e51ef,C:\Users\한국전파진흥협회\OneDrive\바탕 화면\git p11\machine-vision1\image_results\0035_KakaoTalk_20260916_142530601_02_jpg_rf_e77f206567d0bff913d40570a60e51ef\annotated.png,C:\Users\한국전파진흥협회\OneDrive\바탕 화면\git p11\machine-vision1\image_results\0035_KakaoTalk_20260916_142530601_02_jpg_rf_e77f206567d0bff913d40570a60e51ef\map.png,C:\Users\한국전파진흥협회\OneDrive\바탕 화면\git p11\machine-vision1\image_results\0035_KakaoTalk_20260916_142530601_02_jpg_rf_e77f206567d0bff913d40570a60e51ef\result.json,
36,KakaoTalk_20260916_142530601_03_jpg.rf.c245418bd6e70c675cbc159c1f52181f.jpg,OK,5,5,5,22047.160268599986,2265.7985885012095,2509.637378203498,114.43258990316127,0.0,2번강의실,3305.7924620853664,3.3057924620853663,가장 가까운 문은 2번강의실이며 약 3.31 m 떨어져 있습니다.,C:\Users\한국전파진흥협회\OneDrive\바탕 화면\aaa\KakaoTalk_20260916_142530601_03_jpg.rf.c245418bd6e70c675cbc159c1f52181f.jpg,C:\Users\한국전파진흥협회\OneDrive\바탕 화면\git p11\machine-vision1\image_results\0036_KakaoTalk_20260916_142530601_03_jpg_rf_c245418bd6e70c675cbc159c1f52181f,C:\Users\한국전파진흥협회\OneDrive\바탕 화면\git p11\machine-vision1\image_results\0036_KakaoTalk_20260916_142530601_03_jpg_rf_c245418bd6e70c675cbc159c1f52181f\annotated.png,C:\Users\한국전파진흥협회\OneDrive\바탕 화면\git p11\machine-vision1\image_results\0036_KakaoTalk_20260916_142530601_03_jpg_rf_c245418bd6e70c675cbc159c1f52181f\map.png,C:\Users\한국전파진흥협회\OneDrive\바탕 화면\git p11\machine-vision1\image_results\0036_KakaoTalk_20260916_142530601_03_jpg_rf_c245418bd6e70c675cbc159c1f52181f\result.json,
37,KakaoTalk_20260916_142530601_04_jpg.rf.d044158dbcf57269659c4671f8f4c808.jpg,NO_POSE,,,,,,,,,,,,유효한 등록 ArUco Pose가 없습니다.,C:\Users\한국전파진흥협회\OneDrive\바탕 화면\aaa\KakaoTalk_20260916_142530601_04_jpg.rf.d044158dbcf57269659c4671f8f4c808.jpg,C:\Users\한국전파진흥협회\OneDrive\바탕 화면\git p11\machine-vision1\image_results\0037_KakaoTalk_20260916_142530601_04_jpg_rf_d044158dbcf57269659c4671f8f4c808,C:\Users\한국전파진흥협회\OneDrive\바탕 화면\git p11\machine-vision1\image_results\0037_KakaoTalk_20260916_142530601_04_jpg_rf_d044158dbcf57269659c4671f8f4c808\annotated.png,C:\Users\한국전파진흥협회\OneDrive\바탕 화면\git p11\machine-vision1\image_results\0037_KakaoTalk_20260916_142530601_04_jpg_rf_d044158dbcf57269659c4671f8f4c808\map.png,C:\Users\한국전파진흥협회\OneDrive\바탕 화면\git p11\machine-vision1\image_results\0037_KakaoTalk_20260916_142530601_04_jpg_rf_d044158dbcf57269659c4671f8f4c808\result.json,
38,KakaoTalk_20260916_142530601_05_jpg.rf.323feba0b50b866be6963156cb41ce07.jpg,NO_POSE,,,,,,,,,,,,유효한 등록 ArUco Pose가 없습니다.,C:\Users\한국전파진흥협회\OneDrive\바탕 화면\aaa\KakaoTalk_20260916_142530601_05_jpg.rf.323feba0b50b866be6963156cb41ce07.jpg,C:\Users\한국전파진흥협회\OneDrive\바탕 화면\git p11\machine-vision1\image_results\0038_KakaoTalk_20260916_142530601_05_jpg_rf_323feba0b50b866be6963156cb41ce07,C:\Users\한국전파진흥협회\OneDrive\바탕 화면\git p11\machine-vision1\image_results\0038_KakaoTalk_20260916_142530601_05_jpg_rf_323feba0b50b866be6963156cb41ce07\annotated.png,C:\Users\한국전파진흥협회\OneDrive\바탕 화면\git p11\machine-vision1\image_results\0038_KakaoTalk_20260916_142530601_05_jpg_rf_323feba0b50b866be6963156cb41ce07\map.png,C:\Users\한국전파진흥협회\OneDrive\바탕 화면\git p11\machine-vision1\image_results\0038_KakaoTalk_20260916_142530601_05_jpg_rf_323feba0b50b866be6963156cb41ce07\result.json,
39,KakaoTalk_20260916_142530601_06_jpg.rf.fee6f18fd429edcef61e9cba854179a3.jpg,OK,2,2,2,23861.718962670657,1289.925842320902,2530.63579340957,-177.58109500131172,0.0,2번강의실,4414.387803360767,4.414387803360767,가장 가까운 문은 2번강의실이며 약 4.41 m 떨어져 있습니다.,C:\Users\한국전파진흥협회\OneDrive\바탕 화면\aaa\KakaoTalk_20260916_142530601_06_jpg.rf.fee6f18fd429edcef61e9cba854179a3.jpg,C:\Users\한국전파진흥협회\OneDrive\바탕 화면\git p11\machine-vision1\image_results\0039_KakaoTalk_20260916_142530601_06_jpg_rf_fee6f18fd429edcef61e9cba854179a3,C:\Users\한국전파진흥협회\OneDrive\바탕 화면\git p11\machine-vision1\image_results\0039_KakaoTalk_20260916_142530601_06_jpg_rf_fee6f18fd429edcef61e9cba854179a3\annotated.png,C:\Users\한국전파진흥협회\OneDrive\바탕 화면\git p11\machine-vision1\image_results\0039_KakaoTalk_20260916_142530601_06_jpg_rf_fee6f18fd429edcef61e9cba854179a3\map.png,C:\Users\한국전파진흥협회\OneDrive\바탕 화면\git p11\machine-vision1\image_results\0039_KakaoTalk_20260916_142530601_06_jpg_rf_fee6f18fd429edcef61e9cba854179a3\result.json,
40,KakaoTalk_20260916_142530601_07_jpg.rf.766da5b4a4c9c4e6052082e8c500df84.jpg,OK,2,2,2,18031.27748699718,-87.74610141413166,2747.6588424309193,50.38617994419684,0.0,2번강의실,1611.1137458775179,1.611113745877518,2번강의실 주변입니다.,C:\Users\한국전파진흥협회\OneDrive\바탕 화면\aaa\KakaoTalk_20260916_142530601_07_jpg.rf.766da5b4a4c9c4e6052082e8c500df84.jpg,C:\Users\한국전파진흥협회\OneDrive\바탕 화면\git p11\machine-vision1\image_results\0040_KakaoTalk_20260916_142530601_07_jpg_rf_766da5b4a4c9c4e6052082e8c500df84,C:\Users\한국전파진흥협회\OneDrive\바탕 화면\git p11\machine-vision1\image_results\0040_KakaoTalk_20260916_142530601_07_jpg_rf_766da5b4a4c9c4e6052082e8c500df84\annotated.png,C:\Users\한국전파진흥협회\OneDrive\바탕 화면\git p11\machine-vision1\image_results\0040_KakaoTalk_20260916_142530601_07_jpg_rf_766da5b4a4c9c4e6052082e8c500df84\map.png,C:\Users\한국전파진흥협회\OneDrive\바탕 화면\git p11\machine-vision1\image_results\0040_KakaoTalk_20260916_142530601_07_jpg_rf_766da5b4a4c9c4e6052082e8c500df84\result.json,
41,KakaoTalk_20260916_142530601_08_jpg.rf.292495dfc523662b5e5126d6a181d287.jpg,OK,12,12,12,20758.57534002192,3502.0855822190765,1478.1991734155163,96.37299329162525,0.0,쪽문,3320.897667004924,3.320897667004924,가장 가까운 문은 쪽문이며 약 3.32 m 떨어져 있습니다.,C:\Users\한국전파진흥협회\OneDrive\바탕 화면\aaa\KakaoTalk_20260916_142530601_08_jpg.rf.292495dfc523662b5e5126d6a181d287.jpg,C:\Users\한국전파진흥협회\OneDrive\바탕 화면\git p11\machine-vision1\image_results\0041_KakaoTalk_20260916_142530601_08_jpg_rf_292495dfc523662b5e5126d6a181d287,C:\Users\한국전파진흥협회\OneDrive\바탕 화면\git p11\machine-vision1\image_results\0041_KakaoTalk_20260916_142530601_08_jpg_rf_292495dfc523662b5e5126d6a181d287\annotated.png,C:\Users\한국전파진흥협회\OneDrive\바탕 화면\git p11\machine-vision1\image_results\0041_KakaoTalk_20260916_142530601_08_jpg_rf_292495dfc523662b5e5126d6a181d287\map.png,C:\Users\한국전파진흥협회\OneDrive\바탕 화면\git p11\machine-vision1\image_results\0041_KakaoTalk_20260916_142530601_08_jpg_rf_292495dfc523662b5e5126d6a181d287\result.json,
42,KakaoTalk_20260916_142530601_09_jpg.rf.c9ee4489c98faf9e2ba116ddd0554c51.jpg,OK,4,4,4,23638.439216601324,3014.153981284093,206.9116352951903,-131.07036199243822,0.0,2번강의실,5007.258770200134,5.007258770200134,가장 가까운 문은 2번강의실이며 약 5.01 m 떨어져 있습니다.,C:\Users\한국전파진흥협회\OneDrive\바탕 화면\aaa\KakaoTalk_20260916_142530601_09_jpg.rf.c9ee4489c98faf9e2ba116ddd0554c51.jpg,C:\Users\한국전파진흥협회\OneDrive\바탕 화면\git p11\machine-vision1\image_results\0042_KakaoTalk_20260916_142530601_09_jpg_rf_c9ee4489c98faf9e2ba116ddd0554c51,C:\Users\한국전파진흥협회\OneDrive\바탕 화면\git p11\machine-vision1\image_results\0042_KakaoTalk_20260916_142530601_09_jpg_rf_c9ee4489c98faf9e2ba116ddd0554c51\annotated.png,C:\Users\한국전파진흥협회\OneDrive\바탕 화면\git p11\machine-vision1\image_results\0042_KakaoTalk_20260916_142530601_09_jpg_rf_c9ee4489c98faf9e2ba116ddd0554c51\map.png,C:\Users\한국전파진흥협회\OneDrive\바탕 화면\git p11\machine-vision1\image_results\0042_KakaoTalk_20260916_142530601_09_jpg_rf_c9ee4489c98faf9e2ba116ddd0554c51\result.json,
43,KakaoTalk_20260916_142530601_10_jpg.rf.b20a54cafc20399326b64083e5e42133.jpg,OK,4,4,4,22733.38312276465,3044.221076087667,166.08822921900276,-123.97088965067859,0.0,2번강의실,4340.08077163335,4.3400807716333505,가장 가까운 문은 2번강의실이며 약 4.34 m 떨어져 있습니다.,C:\Users\한국전파진흥협회\OneDrive\바탕 화면\aaa\KakaoTalk_20260916_142530601_10_jpg.rf.b20a54cafc20399326b64083e5e42133.jpg,C:\Users\한국전파진흥협회\OneDrive\바탕 화면\git p11\machine-vision1\image_results\0043_KakaoTalk_20260916_142530601_10_jpg_rf_b20a54cafc20399326b64083e5e42133,C:\Users\한국전파진흥협회\OneDrive\바탕 화면\git p11\machine-vision1\image_results\0043_KakaoTalk_20260916_142530601_10_jpg_rf_b20a54cafc20399326b64083e5e42133\annotated.png,C:\Users\한국전파진흥협회\OneDrive\바탕 화면\git p11\machine-vision1\image_results\0043_KakaoTalk_20260916_142530601_10_jpg_rf_b20a54cafc20399326b64083e5e42133\map.png,C:\Users\한국전파진흥협회\OneDrive\바탕 화면\git p11\machine-vision1\image_results\0043_KakaoTalk_20260916_142530601_10_jpg_rf_b20a54cafc20399326b64083e5e42133\result.json,
44,KakaoTalk_20260916_142530601_11_jpg.rf.bbe3a975b4b790ed43a301b20b75f1ba.jpg,OK,4,4,4,18628.72038278527,2086.4738776927406,328.12319836876577,-51.85681024383892,0.0,2번강의실,2318.633154789293,2.3186331547892927,2번강의실 주변입니다.,C:\Users\한국전파진흥협회\OneDrive\바탕 화면\aaa\KakaoTalk_20260916_142530601_11_jpg.rf.bbe3a975b4b790ed43a301b20b75f1ba.jpg,C:\Users\한국전파진흥협회\OneDrive\바탕 화면\git p11\machine-vision1\image_results\0044_KakaoTalk_20260916_142530601_11_jpg_rf_bbe3a975b4b790ed43a301b20b75f1ba,C:\Users\한국전파진흥협회\OneDrive\바탕 화면\git p11\machine-vision1\image_results\0044_KakaoTalk_20260916_142530601_11_jpg_rf_bbe3a975b4b790ed43a301b20b75f1ba\annotated.png,C:\Users\한국전파진흥협회\OneDrive\바탕 화면\git p11\machine-vision1\image_results\0044_KakaoTalk_20260916_142530601_11_jpg_rf_bbe3a975b4b790ed43a301b20b75f1ba\map.png,C:\Users\한국전파진흥협회\OneDrive\바탕 화면\git p11\machine-vision1\image_results\0044_KakaoTalk_20260916_142530601_11_jpg_rf_bbe3a975b4b790ed43a301b20b75f1ba\result.json,
45,KakaoTalk_20260916_142530601_12_jpg.rf.c9072b8c1f34591613aac3ea5314d0f2.jpg,OK,4,4,4,21560.50540905324,1182.1846074872706,56.90241925222696,-143.818318562969,0.0,2번강의실,2255.194331400862,2.2551943314008622,2번강의실 주변입니다.,C:\Users\한국전파진흥협회\OneDrive\바탕 화면\aaa\KakaoTalk_20260916_142530601_12_jpg.rf.c9072b8c1f34591613aac3ea5314d0f2.jpg,C:\Users\한국전파진흥협회\OneDrive\바탕 화면\git p11\machine-vision1\image_results\0045_KakaoTalk_20260916_142530601_12_jpg_rf_c9072b8c1f34591613aac3ea5314d0f2,C:\Users\한국전파진흥협회\OneDrive\바탕 화면\git p11\machine-vision1\image_results\0045_KakaoTalk_20260916_142530601_12_jpg_rf_c9072b8c1f34591613aac3ea5314d0f2\annotated.png,C:\Users\한국전파진흥협회\OneDrive\바탕 화면\git p11\machine-vision1\image_results\0045_KakaoTalk_20260916_142530601_12_jpg_rf_c9072b8c1f34591613aac3ea5314d0f2\map.png,C:\Users\한국전파진흥협회\OneDrive\바탕 화면\git p11\machine-vision1\image_results\0045_KakaoTalk_20260916_142530601_12_jpg_rf_c9072b8c1f34591613aac3ea5314d0f2\result.json,
46,KakaoTalk_20260916_142530601_13_jpg.rf.4b8c60217e109dc3b86c9b029d7776a3.jpg,NO_POSE,,,,,,,,,,,,유효한 등록 ArUco Pose가 없습니다.,C:\Users\한국전파진흥협회\OneDrive\바탕 화면\aaa\KakaoTalk_20260916_142530601_13_jpg.rf.4b8c60217e109dc3b86c9b029d7776a3.jpg,C:\Users\한국전파진흥협회\OneDrive\바탕 화면\git p11\machine-vision1\image_results\0046_KakaoTalk_20260916_142530601_13_jpg_rf_4b8c60217e109dc3b86c9b029d7776a3,C:\Users\한국전파진흥협회\OneDrive\바탕 화면\git p11\machine-vision1\image_results\0046_KakaoTalk_20260916_142530601_13_jpg_rf_4b8c60217e109dc3b86c9b029d7776a3\annotated.png,C:\Users\한국전파진흥협회\OneDrive\바탕 화면\git p11\machine-vision1\image_results\0046_KakaoTalk_20260916_142530601_13_jpg_rf_4b8c60217e109dc3b86c9b029d7776a3\map.png,C:\Users\한국전파진흥협회\OneDrive\바탕 화면\git p11\machine-vision1\image_results\0046_KakaoTalk_20260916_142530601_13_jpg_rf_4b8c60217e109dc3b86c9b029d7776a3\result.json,
47,KakaoTalk_20260916_142530601_14_jpg.rf.10cead2c56e3d656401c987fa028d06b.jpg,OK,8,8,8,19562.14355844783,6127.16643984706,1306.1915410214801,56.115629217624765,0.0,쪽문,997.6602970672369,0.9976602970672369,쪽문 주변입니다.,C:\Users\한국전파진흥협회\OneDrive\바탕 화면\aaa\KakaoTalk_20260916_142530601_14_jpg.rf.10cead2c56e3d656401c987fa028d06b.jpg,C:\Users\한국전파진흥협회\OneDrive\바탕 화면\git p11\machine-vision1\image_results\0047_KakaoTalk_20260916_142530601_14_jpg_rf_10cead2c56e3d656401c987fa028d06b,C:\Users\한국전파진흥협회\OneDrive\바탕 화면\git p11\machine-vision1\image_results\0047_KakaoTalk_20260916_142530601_14_jpg_rf_10cead2c56e3d656401c987fa028d06b\annotated.png,C:\Users\한국전파진흥협회\OneDrive\바탕 화면\git p11\machine-vision1\image_results\0047_KakaoTalk_20260916_142530601_14_jpg_rf_10cead2c56e3d656401c987fa028d06b\map.png,C:\Users\한국전파진흥협회\OneDrive\바탕 화면\git p11\machine-vision1\image_results\0047_KakaoTalk_20260916_142530601_14_jpg_rf_10cead2c56e3d656401c987fa028d06b\result.json,
48,KakaoTalk_20260916_142530601_16_jpg.rf.707736716e575bf5dffe0c286276e76a.jpg,NO_POSE,,,,,,,,,,,,유효한 등록 ArUco Pose가 없습니다.,C:\Users\한국전파진흥협회\OneDrive\바탕 화면\aaa\KakaoTalk_20260916_142530601_16_jpg.rf.707736716e575bf5dffe0c286276e76a.jpg,C:\Users\한국전파진흥협회\OneDrive\바탕 화면\git p11\machine-vision1\image_results\0048_KakaoTalk_20260916_142530601_16_jpg_rf_707736716e575bf5dffe0c286276e76a,C:\Users\한국전파진흥협회\OneDrive\바탕 화면\git p11\machine-vision1\image_results\0048_KakaoTalk_20260916_142530601_16_jpg_rf_707736716e575bf5dffe0c286276e76a\annotated.png,C:\Users\한국전파진흥협회\OneDrive\바탕 화면\git p11\machine-vision1\image_results\0048_KakaoTalk_20260916_142530601_16_jpg_rf_707736716e575bf5dffe0c286276e76a\map.png,C:\Users\한국전파진흥협회\OneDrive\바탕 화면\git p11\machine-vision1\image_results\0048_KakaoTalk_20260916_142530601_16_jpg_rf_707736716e575bf5dffe0c286276e76a\result.json,
49,KakaoTalk_20260916_142530601_17_jpg.rf.c387dfb81333ffaf1ce06c5f04f039b0.jpg,NO_POSE,,,,,,,,,,,,유효한 등록 ArUco Pose가 없습니다.,C:\Users\한국전파진흥협회\OneDrive\바탕 화면\aaa\KakaoTalk_20260916_142530601_17_jpg.rf.c387dfb81333ffaf1ce06c5f04f039b0.jpg,C:\Users\한국전파진흥협회\OneDrive\바탕 화면\git p11\machine-vision1\image_results\0049_KakaoTalk_20260916_142530601_17_jpg_rf_c387dfb81333ffaf1ce06c5f04f039b0,C:\Users\한국전파진흥협회\OneDrive\바탕 화면\git p11\machine-vision1\image_results\0049_KakaoTalk_20260916_142530601_17_jpg_rf_c387dfb81333ffaf1ce06c5f04f039b0\annotated.png,C:\Users\한국전파진흥협회\OneDrive\바탕 화면\git p11\machine-vision1\image_results\0049_KakaoTalk_20260916_142530601_17_jpg_rf_c387dfb81333ffaf1ce06c5f04f039b0\map.png,C:\Users\한국전파진흥협회\OneDrive\바탕 화면\git p11\machine-vision1\image_results\0049_KakaoTalk_20260916_142530601_17_jpg_rf_c387dfb81333ffaf1ce06c5f04f039b0\result.json,
50,KakaoTalk_20260916_142530601_18_jpg.rf.17ee0089e72721fa23b9dd597274f1e1.jpg,OK,5,5,5,22324.54144775074,2680.794873469675,2292.3641917688633,131.39478840244482,0.0,2번강의실,3793.8666210494184,3.7938666210494185,가장 가까운 문은 2번강의실이며 약 3.79 m 떨어져 있습니다.,C:\Users\한국전파진흥협회\OneDrive\바탕 화면\aaa\KakaoTalk_20260916_142530601_18_jpg.rf.17ee0089e72721fa23b9dd597274f1e1.jpg,C:\Users\한국전파진흥협회\OneDrive\바탕 화면\git p11\machine-vision1\image_results\0050_KakaoTalk_20260916_142530601_18_jpg_rf_17ee0089e72721fa23b9dd597274f1e1,C:\Users\한국전파진흥협회\OneDrive\바탕 화면\git p11\machine-vision1\image_results\0050_KakaoTalk_20260916_142530601_18_jpg_rf_17ee0089e72721fa23b9dd597274f1e1\annotated.png,C:\Users\한국전파진흥협회\OneDrive\바탕 화면\git p11\machine-vision1\image_results\0050_KakaoTalk_20260916_142530601_18_jpg_rf_17ee0089e72721fa23b9dd597274f1e1\map.png,C:\Users\한국전파진흥협회\OneDrive\바탕 화면\git p11\machine-vision1\image_results\0050_KakaoTalk_20260916_142530601_18_jpg_rf_17ee0089e72721fa23b9dd597274f1e1\result.json,
51,KakaoTalk_20260916_142530601_19_jpg.rf.aa98fb7fc48581f825b482db8f1b0fc7.jpg,NO_POSE,,,,,,,,,,,,유효한 등록 ArUco Pose가 없습니다.,C:\Users\한국전파진흥협회\OneDrive\바탕 화면\aaa\KakaoTalk_20260916_142530601_19_jpg.rf.aa98fb7fc48581f825b482db8f1b0fc7.jpg,C:\Users\한국전파진흥협회\OneDrive\바탕 화면\git p11\machine-vision1\image_results\0051_KakaoTalk_20260916_142530601_19_jpg_rf_aa98fb7fc48581f825b482db8f1b0fc7,C:\Users\한국전파진흥협회\OneDrive\바탕 화면\git p11\machine-vision1\image_results\0051_KakaoTalk_20260916_142530601_19_jpg_rf_aa98fb7fc48581f825b482db8f1b0fc7\annotated.png,C:\Users\한국전파진흥협회\OneDrive\바탕 화면\git p11\machine-vision1\image_results\0051_KakaoTalk_20260916_142530601_19_jpg_rf_aa98fb7fc48581f825b482db8f1b0fc7\map.png,C:\Users\한국전파진흥협회\OneDrive\바탕 화면\git p11\machine-vision1\image_results\0051_KakaoTalk_20260916_142530601_19_jpg_rf_aa98fb7fc48581f825b482db8f1b0fc7\result.json,
52,KakaoTalk_20260916_142530601_20_jpg.rf.5230809643939945b6ba7bb10e2c584e.jpg,NO_POSE,,,,,,,,,,,,유효한 등록 ArUco Pose가 없습니다.,C:\Users\한국전파진흥협회\OneDrive\바탕 화면\aaa\KakaoTalk_20260916_142530601_20_jpg.rf.5230809643939945b6ba7bb10e2c584e.jpg,C:\Users\한국전파진흥협회\OneDrive\바탕 화면\git p11\machine-vision1\image_results\0052_KakaoTalk_20260916_142530601_20_jpg_rf_5230809643939945b6ba7bb10e2c584e,C:\Users\한국전파진흥협회\OneDrive\바탕 화면\git p11\machine-vision1\image_results\0052_KakaoTalk_20260916_142530601_20_jpg_rf_5230809643939945b6ba7bb10e2c584e\annotated.png,C:\Users\한국전파진흥협회\OneDrive\바탕 화면\git p11\machine-vision1\image_results\0052_KakaoTalk_20260916_142530601_20_jpg_rf_5230809643939945b6ba7bb10e2c584e\map.png,C:\Users\한국전파진흥협회\OneDrive\바탕 화면\git p11\machine-vision1\image_results\0052_KakaoTalk_20260916_142530601_20_jpg_rf_5230809643939945b6ba7bb10e2c584e\result.json,
53,KakaoTalk_20260916_142530601_21_jpg.rf.18a6e7ef58357477af0b1b4e0094cb61.jpg,NO_POSE,,,,,,,,,,,,유효한 등록 ArUco Pose가 없습니다.,C:\Users\한국전파진흥협회\OneDrive\바탕 화면\aaa\KakaoTalk_20260916_142530601_21_jpg.rf.18a6e7ef58357477af0b1b4e0094cb61.jpg,C:\Users\한국전파진흥협회\OneDrive\바탕 화면\git p11\machine-vision1\image_results\0053_KakaoTalk_20260916_142530601_21_jpg_rf_18a6e7ef58357477af0b1b4e0094cb61,C:\Users\한국전파진흥협회\OneDrive\바탕 화면\git p11\machine-vision1\image_results\0053_KakaoTalk_20260916_142530601_21_jpg_rf_18a6e7ef58357477af0b1b4e0094cb61\annotated.png,C:\Users\한국전파진흥협회\OneDrive\바탕 화면\git p11\machine-vision1\image_results\0053_KakaoTalk_20260916_142530601_21_jpg_rf_18a6e7ef58357477af0b1b4e0094cb61\map.png,C:\Users\한국전파진흥협회\OneDrive\바탕 화면\git p11\machine-vision1\image_results\0053_KakaoTalk_20260916_142530601_21_jpg_rf_18a6e7ef58357477af0b1b4e0094cb61\result.json,
54,KakaoTalk_20260916_142530601_22_jpg.rf.2fed5aec999e290756be0de9e9bb0113.jpg,NO_POSE,,,,,,,,,,,,유효한 등록 ArUco Pose가 없습니다.,C:\Users\한국전파진흥협회\OneDrive\바탕 화면\aaa\KakaoTalk_20260916_142530601_22_jpg.rf.2fed5aec999e290756be0de9e9bb0113.jpg,C:\Users\한국전파진흥협회\OneDrive\바탕 화면\git p11\machine-vision1\image_results\0054_KakaoTalk_20260916_142530601_22_jpg_rf_2fed5aec999e290756be0de9e9bb0113,C:\Users\한국전파진흥협회\OneDrive\바탕 화면\git p11\machine-vision1\image_results\0054_KakaoTalk_20260916_142530601_22_jpg_rf_2fed5aec999e290756be0de9e9bb0113\annotated.png,C:\Users\한국전파진흥협회\OneDrive\바탕 화면\git p11\machine-vision1\image_results\0054_KakaoTalk_20260916_142530601_22_jpg_rf_2fed5aec999e290756be0de9e9bb0113\map.png,C:\Users\한국전파진흥협회\OneDrive\바탕 화면\git p11\machine-vision1\image_results\0054_KakaoTalk_20260916_142530601_22_jpg_rf_2fed5aec999e290756be0de9e9bb0113\result.json,
55,KakaoTalk_20260916_142530601_23_jpg.rf.2d68ffe03e163bdbec8ec028ff6ad2cf.jpg,NO_POSE,,,,,,,,,,,,유효한 등록 ArUco Pose가 없습니다.,C:\Users\한국전파진흥협회\OneDrive\바탕 화면\aaa\KakaoTalk_20260916_142530601_23_jpg.rf.2d68ffe03e163bdbec8ec028ff6ad2cf.jpg,C:\Users\한국전파진흥협회\OneDrive\바탕 화면\git p11\machine-vision1\image_results\0055_KakaoTalk_20260916_142530601_23_jpg_rf_2d68ffe03e163bdbec8ec028ff6ad2cf,C:\Users\한국전파진흥협회\OneDrive\바탕 화면\git p11\machine-vision1\image_results\0055_KakaoTalk_20260916_142530601_23_jpg_rf_2d68ffe03e163bdbec8ec028ff6ad2cf\annotated.png,C:\Users\한국전파진흥협회\OneDrive\바탕 화면\git p11\machine-vision1\image_results\0055_KakaoTalk_20260916_142530601_23_jpg_rf_2d68ffe03e163bdbec8ec028ff6ad2cf\map.png,C:\Users\한국전파진흥협회\OneDrive\바탕 화면\git p11\machine-vision1\image_results\0055_KakaoTalk_20260916_142530601_23_jpg_rf_2d68ffe03e163bdbec8ec028ff6ad2cf\result.json,
56,KakaoTalk_20260916_142530601_25_jpg.rf.c143ca9b88106701b2acbe97d3fe8c86.jpg,NO_POSE,,,,,,,,,,,,유효한 등록 ArUco Pose가 없습니다.,C:\Users\한국전파진흥협회\OneDrive\바탕 화면\aaa\KakaoTalk_20260916_142530601_25_jpg.rf.c143ca9b88106701b2acbe97d3fe8c86.jpg,C:\Users\한국전파진흥협회\OneDrive\바탕 화면\git p11\machine-vision1\image_results\0056_KakaoTalk_20260916_142530601_25_jpg_rf_c143ca9b88106701b2acbe97d3fe8c86,C:\Users\한국전파진흥협회\OneDrive\바탕 화면\git p11\machine-vision1\image_results\0056_KakaoTalk_20260916_142530601_25_jpg_rf_c143ca9b88106701b2acbe97d3fe8c86\annotated.png,C:\Users\한국전파진흥협회\OneDrive\바탕 화면\git p11\machine-vision1\image_results\0056_KakaoTalk_20260916_142530601_25_jpg_rf_c143ca9b88106701b2acbe97d3fe8c86\map.png,C:\Users\한국전파진흥협회\OneDrive\바탕 화면\git p11\machine-vision1\image_results\0056_KakaoTalk_20260916_142530601_25_jpg_rf_c143ca9b88106701b2acbe97d3fe8c86\result.json,
57,KakaoTalk_20260916_142530601_26_jpg.rf.36a824cb756af023c6895d652e1c8d1c.jpg,OK,2,2,2,17526.513318015546,16.698549375299763,2565.497189408342,49.265810190537515,0.0,2번강의실,2113.5526481440897,2.11355264814409,2번강의실 주변입니다.,C:\Users\한국전파진흥협회\OneDrive\바탕 화면\aaa\KakaoTalk_20260916_142530601_26_jpg.rf.36a824cb756af023c6895d652e1c8d1c.jpg,C:\Users\한국전파진흥협회\OneDrive\바탕 화면\git p11\machine-vision1\image_results\0057_KakaoTalk_20260916_142530601_26_jpg_rf_36a824cb756af023c6895d652e1c8d1c,C:\Users\한국전파진흥협회\OneDrive\바탕 화면\git p11\machine-vision1\image_results\0057_KakaoTalk_20260916_142530601_26_jpg_rf_36a824cb756af023c6895d652e1c8d1c\annotated.png,C:\Users\한국전파진흥협회\OneDrive\바탕 화면\git p11\machine-vision1\image_results\0057_KakaoTalk_20260916_142530601_26_jpg_rf_36a824cb756af023c6895d652e1c8d1c\map.png,C:\Users\한국전파진흥협회\OneDrive\바탕 화면\git p11\machine-vision1\image_results\0057_KakaoTalk_20260916_142530601_26_jpg_rf_36a824cb756af023c6895d652e1c8d1c\result.json,
58,KakaoTalk_20260916_142530601_28_jpg.rf.b4c77c4c0b403b81f413a44c1b2010d1.jpg,NO_POSE,,,,,,,,,,,,유효한 등록 ArUco Pose가 없습니다.,C:\Users\한국전파진흥협회\OneDrive\바탕 화면\aaa\KakaoTalk_20260916_142530601_28_jpg.rf.b4c77c4c0b403b81f413a44c1b2010d1.jpg,C:\Users\한국전파진흥협회\OneDrive\바탕 화면\git p11\machine-vision1\image_results\0058_KakaoTalk_20260916_142530601_28_jpg_rf_b4c77c4c0b403b81f413a44c1b2010d1,C:\Users\한국전파진흥협회\OneDrive\바탕 화면\git p11\machine-vision1\image_results\0058_KakaoTalk_20260916_142530601_28_jpg_rf_b4c77c4c0b403b81f413a44c1b2010d1\annotated.png,C:\Users\한국전파진흥협회\OneDrive\바탕 화면\git p11\machine-vision1\image_results\0058_KakaoTalk_20260916_142530601_28_jpg_rf_b4c77c4c0b403b81f413a44c1b2010d1\map.png,C:\Users\한국전파진흥협회\OneDrive\바탕 화면\git p11\machine-vision1\image_results\0058_KakaoTalk_20260916_142530601_28_jpg_rf_b4c77c4c0b403b81f413a44c1b2010d1\result.json,
59,KakaoTalk_20260916_142530601_29_jpg.rf.7c0c38ec72ed904c3173c2a8fdb9a46d.jpg,NO_POSE,,,,,,,,,,,,유효한 등록 ArUco Pose가 없습니다.,C:\Users\한국전파진흥협회\OneDrive\바탕 화면\aaa\KakaoTalk_20260916_142530601_29_jpg.rf.7c0c38ec72ed904c3173c2a8fdb9a46d.jpg,C:\Users\한국전파진흥협회\OneDrive\바탕 화면\git p11\machine-vision1\image_results\0059_KakaoTalk_20260916_142530601_29_jpg_rf_7c0c38ec72ed904c3173c2a8fdb9a46d,C:\Users\한국전파진흥협회\OneDrive\바탕 화면\git p11\machine-vision1\image_results\0059_KakaoTalk_20260916_142530601_29_jpg_rf_7c0c38ec72ed904c3173c2a8fdb9a46d\annotated.png,C:\Users\한국전파진흥협회\OneDrive\바탕 화면\git p11\machine-vision1\image_results\0059_KakaoTalk_20260916_142530601_29_jpg_rf_7c0c38ec72ed904c3173c2a8fdb9a46d\map.png,C:\Users\한국전파진흥협회\OneDrive\바탕 화면\git p11\machine-vision1\image_results\0059_KakaoTalk_20260916_142530601_29_jpg_rf_7c0c38ec72ed904c3173c2a8fdb9a46d\result.json,
60,KakaoTalk_20260916_142530601_30_jpg.rf.a596bec5ea5e5342e84f3c3ba51bc18f.jpg,NO_POSE,,,,,,,,,,,,유효한 등록 ArUco Pose가 없습니다.,C:\Users\한국전파진흥협회\OneDrive\바탕 화면\aaa\KakaoTalk_20260916_142530601_30_jpg.rf.a596bec5ea5e5342e84f3c3ba51bc18f.jpg,C:\Users\한국전파진흥협회\OneDrive\바탕 화면\git p11\machine-vision1\image_results\0060_KakaoTalk_20260916_142530601_30_jpg_rf_a596bec5ea5e5342e84f3c3ba51bc18f,C:\Users\한국전파진흥협회\OneDrive\바탕 화면\git p11\machine-vision1\image_results\0060_KakaoTalk_20260916_142530601_30_jpg_rf_a596bec5ea5e5342e84f3c3ba51bc18f\annotated.png,C:\Users\한국전파진흥협회\OneDrive\바탕 화면\git p11\machine-vision1\image_results\0060_KakaoTalk_20260916_142530601_30_jpg_rf_a596bec5ea5e5342e84f3c3ba51bc18f\map.png,C:\Users\한국전파진흥협회\OneDrive\바탕 화면\git p11\machine-vision1\image_results\0060_KakaoTalk_20260916_142530601_30_jpg_rf_a596bec5ea5e5342e84f3c3ba51bc18f\result.json,
61,KakaoTalk_20260916_142530601_jpg.rf.132a8e8a3760040cb698cec855275e11.jpg,NO_POSE,,,,,,,,,,,,유효한 등록 ArUco Pose가 없습니다.,C:\Users\한국전파진흥협회\OneDrive\바탕 화면\aaa\KakaoTalk_20260916_142530601_jpg.rf.132a8e8a3760040cb698cec855275e11.jpg,C:\Users\한국전파진흥협회\OneDrive\바탕 화면\git p11\machine-vision1\image_results\0061_KakaoTalk_20260916_142530601_jpg_rf_132a8e8a3760040cb698cec855275e11,C:\Users\한국전파진흥협회\OneDrive\바탕 화면\git p11\machine-vision1\image_results\0061_KakaoTalk_20260916_142530601_jpg_rf_132a8e8a3760040cb698cec855275e11\annotated.png,C:\Users\한국전파진흥협회\OneDrive\바탕 화면\git p11\machine-vision1\image_results\0061_KakaoTalk_20260916_142530601_jpg_rf_132a8e8a3760040cb698cec855275e11\map.png,C:\Users\한국전파진흥협회\OneDrive\바탕 화면\git p11\machine-vision1\image_results\0061_KakaoTalk_20260916_142530601_jpg_rf_132a8e8a3760040cb698cec855275e11\result.json,
62,KakaoTalk_20260916_142543139_01_jpg.rf.0fc6f0f61ce3b4d43a33def868391ba4.jpg,NO_POSE,,,,,,,,,,,,유효한 등록 ArUco Pose가 없습니다.,C:\Users\한국전파진흥협회\OneDrive\바탕 화면\aaa\KakaoTalk_20260916_142543139_01_jpg.rf.0fc6f0f61ce3b4d43a33def868391ba4.jpg,C:\Users\한국전파진흥협회\OneDrive\바탕 화면\git p11\machine-vision1\image_results\0062_KakaoTalk_20260916_142543139_01_jpg_rf_0fc6f0f61ce3b4d43a33def868391ba4,C:\Users\한국전파진흥협회\OneDrive\바탕 화면\git p11\machine-vision1\image_results\0062_KakaoTalk_20260916_142543139_01_jpg_rf_0fc6f0f61ce3b4d43a33def868391ba4\annotated.png,C:\Users\한국전파진흥협회\OneDrive\바탕 화면\git p11\machine-vision1\image_results\0062_KakaoTalk_20260916_142543139_01_jpg_rf_0fc6f0f61ce3b4d43a33def868391ba4\map.png,C:\Users\한국전파진흥협회\OneDrive\바탕 화면\git p11\machine-vision1\image_results\0062_KakaoTalk_20260916_142543139_01_jpg_rf_0fc6f0f61ce3b4d43a33def868391ba4\result.json,
63,KakaoTalk_20260916_142543139_02_jpg.rf.a2d566daf526a10e52b74f4722300511.jpg,OK,4,4,4,19186.887349871824,628.0651338794768,-46.06536872134387,-17.16260580480786,0.0,2번강의실,774.452636447978,0.774452636447978,2번강의실 주변입니다.,C:\Users\한국전파진흥협회\OneDrive\바탕 화면\aaa\KakaoTalk_20260916_142543139_02_jpg.rf.a2d566daf526a10e52b74f4722300511.jpg,C:\Users\한국전파진흥협회\OneDrive\바탕 화면\git p11\machine-vision1\image_results\0063_KakaoTalk_20260916_142543139_02_jpg_rf_a2d566daf526a10e52b74f4722300511,C:\Users\한국전파진흥협회\OneDrive\바탕 화면\git p11\machine-vision1\image_results\0063_KakaoTalk_20260916_142543139_02_jpg_rf_a2d566daf526a10e52b74f4722300511\annotated.png,C:\Users\한국전파진흥협회\OneDrive\바탕 화면\git p11\machine-vision1\image_results\0063_KakaoTalk_20260916_142543139_02_jpg_rf_a2d566daf526a10e52b74f4722300511\map.png,C:\Users\한국전파진흥협회\OneDrive\바탕 화면\git p11\machine-vision1\image_results\0063_KakaoTalk_20260916_142543139_02_jpg_rf_a2d566daf526a10e52b74f4722300511\result.json,
64,KakaoTalk_20260916_142543139_03_jpg.rf.ce87695eaf1c6ecd73954dcd69060778.jpg,NO_POSE,,,,,,,,,,,,유효한 등록 ArUco Pose가 없습니다.,C:\Users\한국전파진흥협회\OneDrive\바탕 화면\aaa\KakaoTalk_20260916_142543139_03_jpg.rf.ce87695eaf1c6ecd73954dcd69060778.jpg,C:\Users\한국전파진흥협회\OneDrive\바탕 화면\git p11\machine-vision1\image_results\0064_KakaoTalk_20260916_142543139_03_jpg_rf_ce87695eaf1c6ecd73954dcd69060778,C:\Users\한국전파진흥협회\OneDrive\바탕 화면\git p11\machine-vision1\image_results\0064_KakaoTalk_20260916_142543139_03_jpg_rf_ce87695eaf1c6ecd73954dcd69060778\annotated.png,C:\Users\한국전파진흥협회\OneDrive\바탕 화면\git p11\machine-vision1\image_results\0064_KakaoTalk_20260916_142543139_03_jpg_rf_ce87695eaf1c6ecd73954dcd69060778\map.png,C:\Users\한국전파진흥협회\OneDrive\바탕 화면\git p11\machine-vision1\image_results\0064_KakaoTalk_20260916_142543139_03_jpg_rf_ce87695eaf1c6ecd73954dcd69060778\result.json,
65,KakaoTalk_20260916_142543139_04_jpg.rf.fc979994f70fc50873b260f9a518585a.jpg,NO_POSE,,,,,,,,,,,,유효한 등록 ArUco Pose가 없습니다.,C:\Users\한국전파진흥협회\OneDrive\바탕 화면\aaa\KakaoTalk_20260916_142543139_04_jpg.rf.fc979994f70fc50873b260f9a518585a.jpg,C:\Users\한국전파진흥협회\OneDrive\바탕 화면\git p11\machine-vision1\image_results\0065_KakaoTalk_20260916_142543139_04_jpg_rf_fc979994f70fc50873b260f9a518585a,C:\Users\한국전파진흥협회\OneDrive\바탕 화면\git p11\machine-vision1\image_results\0065_KakaoTalk_20260916_142543139_04_jpg_rf_fc979994f70fc50873b260f9a518585a\annotated.png,C:\Users\한국전파진흥협회\OneDrive\바탕 화면\git p11\machine-vision1\image_results\0065_KakaoTalk_20260916_142543139_04_jpg_rf_fc979994f70fc50873b260f9a518585a\map.png,C:\Users\한국전파진흥협회\OneDrive\바탕 화면\git p11\machine-vision1\image_results\0065_KakaoTalk_20260916_142543139_04_jpg_rf_fc979994f70fc50873b260f9a518585a\result.json,
66,KakaoTalk_20260916_142543139_05_jpg.rf.2745c36a495b8b3ba4b5f19db7525882.jpg,OK,13,13,13,2858.04279524044,899.1158201800886,1712.0489870291594,-131.28400264029335,0.0,4번강의실,2523.6432161229645,2.5236432161229647,4번강의실 주변입니다.,C:\Users\한국전파진흥협회\OneDrive\바탕 화면\aaa\KakaoTalk_20260916_142543139_05_jpg.rf.2745c36a495b8b3ba4b5f19db7525882.jpg,C:\Users\한국전파진흥협회\OneDrive\바탕 화면\git p11\machine-vision1\image_results\0066_KakaoTalk_20260916_142543139_05_jpg_rf_2745c36a495b8b3ba4b5f19db7525882,C:\Users\한국전파진흥협회\OneDrive\바탕 화면\git p11\machine-vision1\image_results\0066_KakaoTalk_20260916_142543139_05_jpg_rf_2745c36a495b8b3ba4b5f19db7525882\annotated.png,C:\Users\한국전파진흥협회\OneDrive\바탕 화면\git p11\machine-vision1\image_results\0066_KakaoTalk_20260916_142543139_05_jpg_rf_2745c36a495b8b3ba4b5f19db7525882\map.png,C:\Users\한국전파진흥협회\OneDrive\바탕 화면\git p11\machine-vision1\image_results\0066_KakaoTalk_20260916_142543139_05_jpg_rf_2745c36a495b8b3ba4b5f19db7525882\result.json,
67,KakaoTalk_20260916_142543139_06_jpg.rf.3107a04fe4e6d0c591c8156d1678f8f2.jpg,NO_POSE,,,,,,,,,,,,유효한 등록 ArUco Pose가 없습니다.,C:\Users\한국전파진흥협회\OneDrive\바탕 화면\aaa\KakaoTalk_20260916_142543139_06_jpg.rf.3107a04fe4e6d0c591c8156d1678f8f2.jpg,C:\Users\한국전파진흥협회\OneDrive\바탕 화면\git p11\machine-vision1\image_results\0067_KakaoTalk_20260916_142543139_06_jpg_rf_3107a04fe4e6d0c591c8156d1678f8f2,C:\Users\한국전파진흥협회\OneDrive\바탕 화면\git p11\machine-vision1\image_results\0067_KakaoTalk_20260916_142543139_06_jpg_rf_3107a04fe4e6d0c591c8156d1678f8f2\annotated.png,C:\Users\한국전파진흥협회\OneDrive\바탕 화면\git p11\machine-vision1\image_results\0067_KakaoTalk_20260916_142543139_06_jpg_rf_3107a04fe4e6d0c591c8156d1678f8f2\map.png,C:\Users\한국전파진흥협회\OneDrive\바탕 화면\git p11\machine-vision1\image_results\0067_KakaoTalk_20260916_142543139_06_jpg_rf_3107a04fe4e6d0c591c8156d1678f8f2\result.json,
68,KakaoTalk_20260916_142543139_07_jpg.rf.c608b16ba9acec842738974f4f69aca8.jpg,NO_POSE,,,,,,,,,,,,유효한 등록 ArUco Pose가 없습니다.,C:\Users\한국전파진흥협회\OneDrive\바탕 화면\aaa\KakaoTalk_20260916_142543139_07_jpg.rf.c608b16ba9acec842738974f4f69aca8.jpg,C:\Users\한국전파진흥협회\OneDrive\바탕 화면\git p11\machine-vision1\image_results\0068_KakaoTalk_20260916_142543139_07_jpg_rf_c608b16ba9acec842738974f4f69aca8,C:\Users\한국전파진흥협회\OneDrive\바탕 화면\git p11\machine-vision1\image_results\0068_KakaoTalk_20260916_142543139_07_jpg_rf_c608b16ba9acec842738974f4f69aca8\annotated.png,C:\Users\한국전파진흥협회\OneDrive\바탕 화면\git p11\machine-vision1\image_results\0068_KakaoTalk_20260916_142543139_07_jpg_rf_c608b16ba9acec842738974f4f69aca8\map.png,C:\Users\한국전파진흥협회\OneDrive\바탕 화면\git p11\machine-vision1\image_results\0068_KakaoTalk_20260916_142543139_07_jpg_rf_c608b16ba9acec842738974f4f69aca8\result.json,
69,KakaoTalk_20260916_142543139_08_jpg.rf.6c06852e3bace0346cac72cd5c4a6d72.jpg,NO_POSE,,,,,,,,,,,,유효한 등록 ArUco Pose가 없습니다.,C:\Users\한국전파진흥협회\OneDrive\바탕 화면\aaa\KakaoTalk_20260916_142543139_08_jpg.rf.6c06852e3bace0346cac72cd5c4a6d72.jpg,C:\Users\한국전파진흥협회\OneDrive\바탕 화면\git p11\machine-vision1\image_results\0069_KakaoTalk_20260916_142543139_08_jpg_rf_6c06852e3bace0346cac72cd5c4a6d72,C:\Users\한국전파진흥협회\OneDrive\바탕 화면\git p11\machine-vision1\image_results\0069_KakaoTalk_20260916_142543139_08_jpg_rf_6c06852e3bace0346cac72cd5c4a6d72\annotated.png,C:\Users\한국전파진흥협회\OneDrive\바탕 화면\git p11\machine-vision1\image_results\0069_KakaoTalk_20260916_142543139_08_jpg_rf_6c06852e3bace0346cac72cd5c4a6d72\map.png,C:\Users\한국전파진흥협회\OneDrive\바탕 화면\git p11\machine-vision1\image_results\0069_KakaoTalk_20260916_142543139_08_jpg_rf_6c06852e3bace0346cac72cd5c4a6d72\result.json,
70,KakaoTalk_20260916_142543139_09_jpg.rf.8bffeb89298eb338c7a1c373e5aba1c8.jpg,NO_POSE,,,,,,,,,,,,유효한 등록 ArUco Pose가 없습니다.,C:\Users\한국전파진흥협회\OneDrive\바탕 화면\aaa\KakaoTalk_20260916_142543139_09_jpg.rf.8bffeb89298eb338c7a1c373e5aba1c8.jpg,C:\Users\한국전파진흥협회\OneDrive\바탕 화면\git p11\machine-vision1\image_results\0070_KakaoTalk_20260916_142543139_09_jpg_rf_8bffeb89298eb338c7a1c373e5aba1c8,C:\Users\한국전파진흥협회\OneDrive\바탕 화면\git p11\machine-vision1\image_results\0070_KakaoTalk_20260916_142543139_09_jpg_rf_8bffeb89298eb338c7a1c373e5aba1c8\annotated.png,C:\Users\한국전파진흥협회\OneDrive\바탕 화면\git p11\machine-vision1\image_results\0070_KakaoTalk_20260916_142543139_09_jpg_rf_8bffeb89298eb338c7a1c373e5aba1c8\map.png,C:\Users\한국전파진흥협회\OneDrive\바탕 화면\git p11\machine-vision1\image_results\0070_KakaoTalk_20260916_142543139_09_jpg_rf_8bffeb89298eb338c7a1c373e5aba1c8\result.json,
71,KakaoTalk_20260916_142543139_10_jpg.rf.c04b55568438063c5c09f240335b2f91.jpg,NO_POSE,,,,,,,,,,,,유효한 등록 ArUco Pose가 없습니다.,C:\Users\한국전파진흥협회\OneDrive\바탕 화면\aaa\KakaoTalk_20260916_142543139_10_jpg.rf.c04b55568438063c5c09f240335b2f91.jpg,C:\Users\한국전파진흥협회\OneDrive\바탕 화면\git p11\machine-vision1\image_results\0071_KakaoTalk_20260916_142543139_10_jpg_rf_c04b55568438063c5c09f240335b2f91,C:\Users\한국전파진흥협회\OneDrive\바탕 화면\git p11\machine-vision1\image_results\0071_KakaoTalk_20260916_142543139_10_jpg_rf_c04b55568438063c5c09f240335b2f91\annotated.png,C:\Users\한국전파진흥협회\OneDrive\바탕 화면\git p11\machine-vision1\image_results\0071_KakaoTalk_20260916_142543139_10_jpg_rf_c04b55568438063c5c09f240335b2f91\map.png,C:\Users\한국전파진흥협회\OneDrive\바탕 화면\git p11\machine-vision1\image_results\0071_KakaoTalk_20260916_142543139_10_jpg_rf_c04b55568438063c5c09f240335b2f91\result.json,
72,KakaoTalk_20260916_142543139_11_jpg.rf.1837cda64a25c1459d16026459a923ba.jpg,NO_POSE,,,,,,,,,,,,유효한 등록 ArUco Pose가 없습니다.,C:\Users\한국전파진흥협회\OneDrive\바탕 화면\aaa\KakaoTalk_20260916_142543139_11_jpg.rf.1837cda64a25c1459d16026459a923ba.jpg,C:\Users\한국전파진흥협회\OneDrive\바탕 화면\git p11\machine-vision1\image_results\0072_KakaoTalk_20260916_142543139_11_jpg_rf_1837cda64a25c1459d16026459a923ba,C:\Users\한국전파진흥협회\OneDrive\바탕 화면\git p11\machine-vision1\image_results\0072_KakaoTalk_20260916_142543139_11_jpg_rf_1837cda64a25c1459d16026459a923ba\annotated.png,C:\Users\한국전파진흥협회\OneDrive\바탕 화면\git p11\machine-vision1\image_results\0072_KakaoTalk_20260916_142543139_11_jpg_rf_1837cda64a25c1459d16026459a923ba\map.png,C:\Users\한국전파진흥협회\OneDrive\바탕 화면\git p11\machine-vision1\image_results\0072_KakaoTalk_20260916_142543139_11_jpg_rf_1837cda64a25c1459d16026459a923ba\result.json,
73,KakaoTalk_20260916_142543139_12_jpg.rf.63b360654a0d7b6b097217407fbd18a3.jpg,NO_POSE,,,,,,,,,,,,유효한 등록 ArUco Pose가 없습니다.,C:\Users\한국전파진흥협회\OneDrive\바탕 화면\aaa\KakaoTalk_20260916_142543139_12_jpg.rf.63b360654a0d7b6b097217407fbd18a3.jpg,C:\Users\한국전파진흥협회\OneDrive\바탕 화면\git p11\machine-vision1\image_results\0073_KakaoTalk_20260916_142543139_12_jpg_rf_63b360654a0d7b6b097217407fbd18a3,C:\Users\한국전파진흥협회\OneDrive\바탕 화면\git p11\machine-vision1\image_results\0073_KakaoTalk_20260916_142543139_12_jpg_rf_63b360654a0d7b6b097217407fbd18a3\annotated.png,C:\Users\한국전파진흥협회\OneDrive\바탕 화면\git p11\machine-vision1\image_results\0073_KakaoTalk_20260916_142543139_12_jpg_rf_63b360654a0d7b6b097217407fbd18a3\map.png,C:\Users\한국전파진흥협회\OneDrive\바탕 화면\git p11\machine-vision1\image_results\0073_KakaoTalk_20260916_142543139_12_jpg_rf_63b360654a0d7b6b097217407fbd18a3\result.json,
74,KakaoTalk_20260916_142543139_13_jpg.rf.18019555acf8322cc814a570bd67532c.jpg,NO_POSE,,,,,,,,,,,,유효한 등록 ArUco Pose가 없습니다.,C:\Users\한국전파진흥협회\OneDrive\바탕 화면\aaa\KakaoTalk_20260916_142543139_13_jpg.rf.18019555acf8322cc814a570bd67532c.jpg,C:\Users\한국전파진흥협회\OneDrive\바탕 화면\git p11\machine-vision1\image_results\0074_KakaoTalk_20260916_142543139_13_jpg_rf_18019555acf8322cc814a570bd67532c,C:\Users\한국전파진흥협회\OneDrive\바탕 화면\git p11\machine-vision1\image_results\0074_KakaoTalk_20260916_142543139_13_jpg_rf_18019555acf8322cc814a570bd67532c\annotated.png,C:\Users\한국전파진흥협회\OneDrive\바탕 화면\git p11\machine-vision1\image_results\0074_KakaoTalk_20260916_142543139_13_jpg_rf_18019555acf8322cc814a570bd67532c\map.png,C:\Users\한국전파진흥협회\OneDrive\바탕 화면\git p11\machine-vision1\image_results\0074_KakaoTalk_20260916_142543139_13_jpg_rf_18019555acf8322cc814a570bd67532c\result.json,
75,KakaoTalk_20260916_142543139_14_jpg.rf.6a7ffa7b2adfa2aa6d94c76811dfba93.jpg,OK,13,13,13,2754.566067550616,626.4338865466707,1590.757276595355,-167.39614786977688,0.0,4번강의실,2339.9759757665497,2.3399759757665497,4번강의실 주변입니다.,C:\Users\한국전파진흥협회\OneDrive\바탕 화면\aaa\KakaoTalk_20260916_142543139_14_jpg.rf.6a7ffa7b2adfa2aa6d94c76811dfba93.jpg,C:\Users\한국전파진흥협회\OneDrive\바탕 화면\git p11\machine-vision1\image_results\0075_KakaoTalk_20260916_142543139_14_jpg_rf_6a7ffa7b2adfa2aa6d94c76811dfba93,C:\Users\한국전파진흥협회\OneDrive\바탕 화면\git p11\machine-vision1\image_results\0075_KakaoTalk_20260916_142543139_14_jpg_rf_6a7ffa7b2adfa2aa6d94c76811dfba93\annotated.png,C:\Users\한국전파진흥협회\OneDrive\바탕 화면\git p11\machine-vision1\image_results\0075_KakaoTalk_20260916_142543139_14_jpg_rf_6a7ffa7b2adfa2aa6d94c76811dfba93\map.png,C:\Users\한국전파진흥협회\OneDrive\바탕 화면\git p11\machine-vision1\image_results\0075_KakaoTalk_20260916_142543139_14_jpg_rf_6a7ffa7b2adfa2aa6d94c76811dfba93\result.json,
76,KakaoTalk_20260916_142543139_15_jpg.rf.4fece9b43df9d06bb431e3872515e3ee.jpg,NO_POSE,,,,,,,,,,,,유효한 등록 ArUco Pose가 없습니다.,C:\Users\한국전파진흥협회\OneDrive\바탕 화면\aaa\KakaoTalk_20260916_142543139_15_jpg.rf.4fece9b43df9d06bb431e3872515e3ee.jpg,C:\Users\한국전파진흥협회\OneDrive\바탕 화면\git p11\machine-vision1\image_results\0076_KakaoTalk_20260916_142543139_15_jpg_rf_4fece9b43df9d06bb431e3872515e3ee,C:\Users\한국전파진흥협회\OneDrive\바탕 화면\git p11\machine-vision1\image_results\0076_KakaoTalk_20260916_142543139_15_jpg_rf_4fece9b43df9d06bb431e3872515e3ee\annotated.png,C:\Users\한국전파진흥협회\OneDrive\바탕 화면\git p11\machine-vision1\image_results\0076_KakaoTalk_20260916_142543139_15_jpg_rf_4fece9b43df9d06bb431e3872515e3ee\map.png,C:\Users\한국전파진흥협회\OneDrive\바탕 화면\git p11\machine-vision1\image_results\0076_KakaoTalk_20260916_142543139_15_jpg_rf_4fece9b43df9d06bb431e3872515e3ee\result.json,
77,KakaoTalk_20260916_142543139_16_jpg.rf.f64dbbf8ee26482c8da77829126b5a6e.jpg,NO_POSE,,,,,,,,,,,,유효한 등록 ArUco Pose가 없습니다.,C:\Users\한국전파진흥협회\OneDrive\바탕 화면\aaa\KakaoTalk_20260916_142543139_16_jpg.rf.f64dbbf8ee26482c8da77829126b5a6e.jpg,C:\Users\한국전파진흥협회\OneDrive\바탕 화면\git p11\machine-vision1\image_results\0077_KakaoTalk_20260916_142543139_16_jpg_rf_f64dbbf8ee26482c8da77829126b5a6e,C:\Users\한국전파진흥협회\OneDrive\바탕 화면\git p11\machine-vision1\image_results\0077_KakaoTalk_20260916_142543139_16_jpg_rf_f64dbbf8ee26482c8da77829126b5a6e\annotated.png,C:\Users\한국전파진흥협회\OneDrive\바탕 화면\git p11\machine-vision1\image_results\0077_KakaoTalk_20260916_142543139_16_jpg_rf_f64dbbf8ee26482c8da77829126b5a6e\map.png,C:\Users\한국전파진흥협회\OneDrive\바탕 화면\git p11\machine-vision1\image_results\0077_KakaoTalk_20260916_142543139_16_jpg_rf_f64dbbf8ee26482c8da77829126b5a6e\result.json,
78,KakaoTalk_20260916_142543139_17_jpg.rf.754ba60a05280cb7ed47f383e246590d.jpg,NO_POSE,,,,,,,,,,,,유효한 등록 ArUco Pose가 없습니다.,C:\Users\한국전파진흥협회\OneDrive\바탕 화면\aaa\KakaoTalk_20260916_142543139_17_jpg.rf.754ba60a05280cb7ed47f383e246590d.jpg,C:\Users\한국전파진흥협회\OneDrive\바탕 화면\git p11\machine-vision1\image_results\0078_KakaoTalk_20260916_142543139_17_jpg_rf_754ba60a05280cb7ed47f383e246590d,C:\Users\한국전파진흥협회\OneDrive\바탕 화면\git p11\machine-vision1\image_results\0078_KakaoTalk_20260916_142543139_17_jpg_rf_754ba60a05280cb7ed47f383e246590d\annotated.png,C:\Users\한국전파진흥협회\OneDrive\바탕 화면\git p11\machine-vision1\image_results\0078_KakaoTalk_20260916_142543139_17_jpg_rf_754ba60a05280cb7ed47f383e246590d\map.png,C:\Users\한국전파진흥협회\OneDrive\바탕 화면\git p11\machine-vision1\image_results\0078_KakaoTalk_20260916_142543139_17_jpg_rf_754ba60a05280cb7ed47f383e246590d\result.json,
79,KakaoTalk_20260916_142543139_18_jpg.rf.1e0db64b629cf19a8b344545041c5916.jpg,NO_POSE,,,,,,,,,,,,유효한 등록 ArUco Pose가 없습니다.,C:\Users\한국전파진흥협회\OneDrive\바탕 화면\aaa\KakaoTalk_20260916_142543139_18_jpg.rf.1e0db64b629cf19a8b344545041c5916.jpg,C:\Users\한국전파진흥협회\OneDrive\바탕 화면\git p11\machine-vision1\image_results\0079_KakaoTalk_20260916_142543139_18_jpg_rf_1e0db64b629cf19a8b344545041c5916,C:\Users\한국전파진흥협회\OneDrive\바탕 화면\git p11\machine-vision1\image_results\0079_KakaoTalk_20260916_142543139_18_jpg_rf_1e0db64b629cf19a8b344545041c5916\annotated.png,C:\Users\한국전파진흥협회\OneDrive\바탕 화면\git p11\machine-vision1\image_results\0079_KakaoTalk_20260916_142543139_18_jpg_rf_1e0db64b629cf19a8b344545041c5916\map.png,C:\Users\한국전파진흥협회\OneDrive\바탕 화면\git p11\machine-vision1\image_results\0079_KakaoTalk_20260916_142543139_18_jpg_rf_1e0db64b629cf19a8b344545041c5916\result.json,
80,KakaoTalk_20260916_142543139_19_jpg.rf.01f26f34200e38d3a0acb0291f8011c4.jpg,NO_POSE,,,,,,,,,,,,유효한 등록 ArUco Pose가 없습니다.,C:\Users\한국전파진흥협회\OneDrive\바탕 화면\aaa\KakaoTalk_20260916_142543139_19_jpg.rf.01f26f34200e38d3a0acb0291f8011c4.jpg,C:\Users\한국전파진흥협회\OneDrive\바탕 화면\git p11\machine-vision1\image_results\0080_KakaoTalk_20260916_142543139_19_jpg_rf_01f26f34200e38d3a0acb0291f8011c4,C:\Users\한국전파진흥협회\OneDrive\바탕 화면\git p11\machine-vision1\image_results\0080_KakaoTalk_20260916_142543139_19_jpg_rf_01f26f34200e38d3a0acb0291f8011c4\annotated.png,C:\Users\한국전파진흥협회\OneDrive\바탕 화면\git p11\machine-vision1\image_results\0080_KakaoTalk_20260916_142543139_19_jpg_rf_01f26f34200e38d3a0acb0291f8011c4\map.png,C:\Users\한국전파진흥협회\OneDrive\바탕 화면\git p11\machine-vision1\image_results\0080_KakaoTalk_20260916_142543139_19_jpg_rf_01f26f34200e38d3a0acb0291f8011c4\result.json,
81,KakaoTalk_20260916_142543139_20_jpg.rf.d2880dbdcad57cb76812958153c99d7e.jpg,NO_POSE,,,,,,,,,,,,유효한 등록 ArUco Pose가 없습니다.,C:\Users\한국전파진흥협회\OneDrive\바탕 화면\aaa\KakaoTalk_20260916_142543139_20_jpg.rf.d2880dbdcad57cb76812958153c99d7e.jpg,C:\Users\한국전파진흥협회\OneDrive\바탕 화면\git p11\machine-vision1\image_results\0081_KakaoTalk_20260916_142543139_20_jpg_rf_d2880dbdcad57cb76812958153c99d7e,C:\Users\한국전파진흥협회\OneDrive\바탕 화면\git p11\machine-vision1\image_results\0081_KakaoTalk_20260916_142543139_20_jpg_rf_d2880dbdcad57cb76812958153c99d7e\annotated.png,C:\Users\한국전파진흥협회\OneDrive\바탕 화면\git p11\machine-vision1\image_results\0081_KakaoTalk_20260916_142543139_20_jpg_rf_d2880dbdcad57cb76812958153c99d7e\map.png,C:\Users\한국전파진흥협회\OneDrive\바탕 화면\git p11\machine-vision1\image_results\0081_KakaoTalk_20260916_142543139_20_jpg_rf_d2880dbdcad57cb76812958153c99d7e\result.json,
82,KakaoTalk_20260916_142543139_21_jpg.rf.c493b49c0da2adea8f77edef1940bfb2.jpg,NO_POSE,,,,,,,,,,,,유효한 등록 ArUco Pose가 없습니다.,C:\Users\한국전파진흥협회\OneDrive\바탕 화면\aaa\KakaoTalk_20260916_142543139_21_jpg.rf.c493b49c0da2adea8f77edef1940bfb2.jpg,C:\Users\한국전파진흥협회\OneDrive\바탕 화면\git p11\machine-vision1\image_results\0082_KakaoTalk_20260916_142543139_21_jpg_rf_c493b49c0da2adea8f77edef1940bfb2,C:\Users\한국전파진흥협회\OneDrive\바탕 화면\git p11\machine-vision1\image_results\0082_KakaoTalk_20260916_142543139_21_jpg_rf_c493b49c0da2adea8f77edef1940bfb2\annotated.png,C:\Users\한국전파진흥협회\OneDrive\바탕 화면\git p11\machine-vision1\image_results\0082_KakaoTalk_20260916_142543139_21_jpg_rf_c493b49c0da2adea8f77edef1940bfb2\map.png,C:\Users\한국전파진흥협회\OneDrive\바탕 화면\git p11\machine-vision1\image_results\0082_KakaoTalk_20260916_142543139_21_jpg_rf_c493b49c0da2adea8f77edef1940bfb2\result.json,
83,KakaoTalk_20260916_142543139_22_jpg.rf.71aebc7bc98c77b8050a45347d277b63.jpg,NO_POSE,,,,,,,,,,,,유효한 등록 ArUco Pose가 없습니다.,C:\Users\한국전파진흥협회\OneDrive\바탕 화면\aaa\KakaoTalk_20260916_142543139_22_jpg.rf.71aebc7bc98c77b8050a45347d277b63.jpg,C:\Users\한국전파진흥협회\OneDrive\바탕 화면\git p11\machine-vision1\image_results\0083_KakaoTalk_20260916_142543139_22_jpg_rf_71aebc7bc98c77b8050a45347d277b63,C:\Users\한국전파진흥협회\OneDrive\바탕 화면\git p11\machine-vision1\image_results\0083_KakaoTalk_20260916_142543139_22_jpg_rf_71aebc7bc98c77b8050a45347d277b63\annotated.png,C:\Users\한국전파진흥협회\OneDrive\바탕 화면\git p11\machine-vision1\image_results\0083_KakaoTalk_20260916_142543139_22_jpg_rf_71aebc7bc98c77b8050a45347d277b63\map.png,C:\Users\한국전파진흥협회\OneDrive\바탕 화면\git p11\machine-vision1\image_results\0083_KakaoTalk_20260916_142543139_22_jpg_rf_71aebc7bc98c77b8050a45347d277b63\result.json,
84,KakaoTalk_20260916_142543139_23_jpg.rf.130d0fd2e79933aab4554ffe988be2c7.jpg,NO_POSE,,,,,,,,,,,,유효한 등록 ArUco Pose가 없습니다.,C:\Users\한국전파진흥협회\OneDrive\바탕 화면\aaa\KakaoTalk_20260916_142543139_23_jpg.rf.130d0fd2e79933aab4554ffe988be2c7.jpg,C:\Users\한국전파진흥협회\OneDrive\바탕 화면\git p11\machine-vision1\image_results\0084_KakaoTalk_20260916_142543139_23_jpg_rf_130d0fd2e79933aab4554ffe988be2c7,C:\Users\한국전파진흥협회\OneDrive\바탕 화면\git p11\machine-vision1\image_results\0084_KakaoTalk_20260916_142543139_23_jpg_rf_130d0fd2e79933aab4554ffe988be2c7\annotated.png,C:\Users\한국전파진흥협회\OneDrive\바탕 화면\git p11\machine-vision1\image_results\0084_KakaoTalk_20260916_142543139_23_jpg_rf_130d0fd2e79933aab4554ffe988be2c7\map.png,C:\Users\한국전파진흥협회\OneDrive\바탕 화면\git p11\machine-vision1\image_results\0084_KakaoTalk_20260916_142543139_23_jpg_rf_130d0fd2e79933aab4554ffe988be2c7\result.json,
85,KakaoTalk_20260916_142543139_24_jpg.rf.e0b1989f84e49f9c031f6712d29c856c.jpg,OK,13,13,13,1797.3494678065645,1080.7590226853345,1461.7945263863587,-103.29824472951738,0.0,4번강의실,1688.5365577131386,1.6885365577131386,4번강의실 주변입니다.,C:\Users\한국전파진흥협회\OneDrive\바탕 화면\aaa\KakaoTalk_20260916_142543139_24_jpg.rf.e0b1989f84e49f9c031f6712d29c856c.jpg,C:\Users\한국전파진흥협회\OneDrive\바탕 화면\git p11\machine-vision1\image_results\0085_KakaoTalk_20260916_142543139_24_jpg_rf_e0b1989f84e49f9c031f6712d29c856c,C:\Users\한국전파진흥협회\OneDrive\바탕 화면\git p11\machine-vision1\image_results\0085_KakaoTalk_20260916_142543139_24_jpg_rf_e0b1989f84e49f9c031f6712d29c856c\annotated.png,C:\Users\한국전파진흥협회\OneDrive\바탕 화면\git p11\machine-vision1\image_results\0085_KakaoTalk_20260916_142543139_24_jpg_rf_e0b1989f84e49f9c031f6712d29c856c\map.png,C:\Users\한국전파진흥협회\OneDrive\바탕 화면\git p11\machine-vision1\image_results\0085_KakaoTalk_20260916_142543139_24_jpg_rf_e0b1989f84e49f9c031f6712d29c856c\result.json,
86,KakaoTalk_20260916_142543139_25_jpg.rf.554bec17593e4f8e23a9bf0dca6ed85f.jpg,NO_POSE,,,,,,,,,,,,유효한 등록 ArUco Pose가 없습니다.,C:\Users\한국전파진흥협회\OneDrive\바탕 화면\aaa\KakaoTalk_20260916_142543139_25_jpg.rf.554bec17593e4f8e23a9bf0dca6ed85f.jpg,C:\Users\한국전파진흥협회\OneDrive\바탕 화면\git p11\machine-vision1\image_results\0086_KakaoTalk_20260916_142543139_25_jpg_rf_554bec17593e4f8e23a9bf0dca6ed85f,C:\Users\한국전파진흥협회\OneDrive\바탕 화면\git p11\machine-vision1\image_results\0086_KakaoTalk_20260916_142543139_25_jpg_rf_554bec17593e4f8e23a9bf0dca6ed85f\annotated.png,C:\Users\한국전파진흥협회\OneDrive\바탕 화면\git p11\machine-vision1\image_results\0086_KakaoTalk_20260916_142543139_25_jpg_rf_554bec17593e4f8e23a9bf0dca6ed85f\map.png,C:\Users\한국전파진흥협회\OneDrive\바탕 화면\git p11\machine-vision1\image_results\0086_KakaoTalk_20260916_142543139_25_jpg_rf_554bec17593e4f8e23a9bf0dca6ed85f\result.json,
87,KakaoTalk_20260916_142543139_26_jpg.rf.7fd2517c1d30155b6edea9b9a00e5846.jpg,NO_POSE,,,,,,,,,,,,유효한 등록 ArUco Pose가 없습니다.,C:\Users\한국전파진흥협회\OneDrive\바탕 화면\aaa\KakaoTalk_20260916_142543139_26_jpg.rf.7fd2517c1d30155b6edea9b9a00e5846.jpg,C:\Users\한국전파진흥협회\OneDrive\바탕 화면\git p11\machine-vision1\image_results\0087_KakaoTalk_20260916_142543139_26_jpg_rf_7fd2517c1d30155b6edea9b9a00e5846,C:\Users\한국전파진흥협회\OneDrive\바탕 화면\git p11\machine-vision1\image_results\0087_KakaoTalk_20260916_142543139_26_jpg_rf_7fd2517c1d30155b6edea9b9a00e5846\annotated.png,C:\Users\한국전파진흥협회\OneDrive\바탕 화면\git p11\machine-vision1\image_results\0087_KakaoTalk_20260916_142543139_26_jpg_rf_7fd2517c1d30155b6edea9b9a00e5846\map.png,C:\Users\한국전파진흥협회\OneDrive\바탕 화면\git p11\machine-vision1\image_results\0087_KakaoTalk_20260916_142543139_26_jpg_rf_7fd2517c1d30155b6edea9b9a00e5846\result.json,
88,KakaoTalk_20260916_142543139_27_jpg.rf.8e067a0cb1b5460520e97c44dd9dca20.jpg,NO_POSE,,,,,,,,,,,,유효한 등록 ArUco Pose가 없습니다.,C:\Users\한국전파진흥협회\OneDrive\바탕 화면\aaa\KakaoTalk_20260916_142543139_27_jpg.rf.8e067a0cb1b5460520e97c44dd9dca20.jpg,C:\Users\한국전파진흥협회\OneDrive\바탕 화면\git p11\machine-vision1\image_results\0088_KakaoTalk_20260916_142543139_27_jpg_rf_8e067a0cb1b5460520e97c44dd9dca20,C:\Users\한국전파진흥협회\OneDrive\바탕 화면\git p11\machine-vision1\image_results\0088_KakaoTalk_20260916_142543139_27_jpg_rf_8e067a0cb1b5460520e97c44dd9dca20\annotated.png,C:\Users\한국전파진흥협회\OneDrive\바탕 화면\git p11\machine-vision1\image_results\0088_KakaoTalk_20260916_142543139_27_jpg_rf_8e067a0cb1b5460520e97c44dd9dca20\map.png,C:\Users\한국전파진흥협회\OneDrive\바탕 화면\git p11\machine-vision1\image_results\0088_KakaoTalk_20260916_142543139_27_jpg_rf_8e067a0cb1b5460520e97c44dd9dca20\result.json,
89,KakaoTalk_20260916_142543139_28_jpg.rf.afcfe3af2538cd0c3050f08f82456899.jpg,NO_POSE,,,,,,,,,,,,유효한 등록 ArUco Pose가 없습니다.,C:\Users\한국전파진흥협회\OneDrive\바탕 화면\aaa\KakaoTalk_20260916_142543139_28_jpg.rf.afcfe3af2538cd0c3050f08f82456899.jpg,C:\Users\한국전파진흥협회\OneDrive\바탕 화면\git p11\machine-vision1\image_results\0089_KakaoTalk_20260916_142543139_28_jpg_rf_afcfe3af2538cd0c3050f08f82456899,C:\Users\한국전파진흥협회\OneDrive\바탕 화면\git p11\machine-vision1\image_results\0089_KakaoTalk_20260916_142543139_28_jpg_rf_afcfe3af2538cd0c3050f08f82456899\annotated.png,C:\Users\한국전파진흥협회\OneDrive\바탕 화면\git p11\machine-vision1\image_results\0089_KakaoTalk_20260916_142543139_28_jpg_rf_afcfe3af2538cd0c3050f08f82456899\map.png,C:\Users\한국전파진흥협회\OneDrive\바탕 화면\git p11\machine-vision1\image_results\0089_KakaoTalk_20260916_142543139_28_jpg_rf_afcfe3af2538cd0c3050f08f82456899\result.json,
90,KakaoTalk_20260916_142543139_29_jpg.rf.18248bc4a2efcf27bd0b9dbde8cf8045.jpg,NO_POSE,,,,,,,,,,,,유효한 등록 ArUco Pose가 없습니다.,C:\Users\한국전파진흥협회\OneDrive\바탕 화면\aaa\KakaoTalk_20260916_142543139_29_jpg.rf.18248bc4a2efcf27bd0b9dbde8cf8045.jpg,C:\Users\한국전파진흥협회\OneDrive\바탕 화면\git p11\machine-vision1\image_results\0090_KakaoTalk_20260916_142543139_29_jpg_rf_18248bc4a2efcf27bd0b9dbde8cf8045,C:\Users\한국전파진흥협회\OneDrive\바탕 화면\git p11\machine-vision1\image_results\0090_KakaoTalk_20260916_142543139_29_jpg_rf_18248bc4a2efcf27bd0b9dbde8cf8045\annotated.png,C:\Users\한국전파진흥협회\OneDrive\바탕 화면\git p11\machine-vision1\image_results\0090_KakaoTalk_20260916_142543139_29_jpg_rf_18248bc4a2efcf27bd0b9dbde8cf8045\map.png,C:\Users\한국전파진흥협회\OneDrive\바탕 화면\git p11\machine-vision1\image_results\0090_KakaoTalk_20260916_142543139_29_jpg_rf_18248bc4a2efcf27bd0b9dbde8cf8045\result.json,
91,KakaoTalk_20260916_142543139_jpg.rf.f94a84062ae4e69e4180af0242a58f6b.jpg,OK,5,5,5,21672.271839213787,1754.9247208046843,1889.0841605916921,86.47795043292075,0.0,2번강의실,2685.123759559843,2.685123759559843,2번강의실 주변입니다.,C:\Users\한국전파진흥협회\OneDrive\바탕 화면\aaa\KakaoTalk_20260916_142543139_jpg.rf.f94a84062ae4e69e4180af0242a58f6b.jpg,C:\Users\한국전파진흥협회\OneDrive\바탕 화면\git p11\machine-vision1\image_results\0091_KakaoTalk_20260916_142543139_jpg_rf_f94a84062ae4e69e4180af0242a58f6b,C:\Users\한국전파진흥협회\OneDrive\바탕 화면\git p11\machine-vision1\image_results\0091_KakaoTalk_20260916_142543139_jpg_rf_f94a84062ae4e69e4180af0242a58f6b\annotated.png,C:\Users\한국전파진흥협회\OneDrive\바탕 화면\git p11\machine-vision1\image_results\0091_KakaoTalk_20260916_142543139_jpg_rf_f94a84062ae4e69e4180af0242a58f6b\map.png,C:\Users\한국전파진흥협회\OneDrive\바탕 화면\git p11\machine-vision1\image_results\0091_KakaoTalk_20260916_142543139_jpg_rf_f94a84062ae4e69e4180af0242a58f6b\result.json,
92,KakaoTalk_20260916_142546931_01_jpg.rf.c6926b0af121604693385de5b3f608df.jpg,NO_POSE,,,,,,,,,,,,유효한 등록 ArUco Pose가 없습니다.,C:\Users\한국전파진흥협회\OneDrive\바탕 화면\aaa\KakaoTalk_20260916_142546931_01_jpg.rf.c6926b0af121604693385de5b3f608df.jpg,C:\Users\한국전파진흥협회\OneDrive\바탕 화면\git p11\machine-vision1\image_results\0092_KakaoTalk_20260916_142546931_01_jpg_rf_c6926b0af121604693385de5b3f608df,C:\Users\한국전파진흥협회\OneDrive\바탕 화면\git p11\machine-vision1\image_results\0092_KakaoTalk_20260916_142546931_01_jpg_rf_c6926b0af121604693385de5b3f608df\annotated.png,C:\Users\한국전파진흥협회\OneDrive\바탕 화면\git p11\machine-vision1\image_results\0092_KakaoTalk_20260916_142546931_01_jpg_rf_c6926b0af121604693385de5b3f608df\map.png,C:\Users\한국전파진흥협회\OneDrive\바탕 화면\git p11\machine-vision1\image_results\0092_KakaoTalk_20260916_142546931_01_jpg_rf_c6926b0af121604693385de5b3f608df\result.json,
93,KakaoTalk_20260916_142546931_02_jpg.rf.7dcb83f88509bcef367d2bba86a06f94.jpg,OK,4,4,4,20222.93490782213,1004.9428278735387,-289.08964783864917,-94.46274548651205,0.0,2번강의실,1161.775879441496,1.161775879441496,2번강의실 주변입니다.,C:\Users\한국전파진흥협회\OneDrive\바탕 화면\aaa\KakaoTalk_20260916_142546931_02_jpg.rf.7dcb83f88509bcef367d2bba86a06f94.jpg,C:\Users\한국전파진흥협회\OneDrive\바탕 화면\git p11\machine-vision1\image_results\0093_KakaoTalk_20260916_142546931_02_jpg_rf_7dcb83f88509bcef367d2bba86a06f94,C:\Users\한국전파진흥협회\OneDrive\바탕 화면\git p11\machine-vision1\image_results\0093_KakaoTalk_20260916_142546931_02_jpg_rf_7dcb83f88509bcef367d2bba86a06f94\annotated.png,C:\Users\한국전파진흥협회\OneDrive\바탕 화면\git p11\machine-vision1\image_results\0093_KakaoTalk_20260916_142546931_02_jpg_rf_7dcb83f88509bcef367d2bba86a06f94\map.png,C:\Users\한국전파진흥협회\OneDrive\바탕 화면\git p11\machine-vision1\image_results\0093_KakaoTalk_20260916_142546931_02_jpg_rf_7dcb83f88509bcef367d2bba86a06f94\result.json,
94,KakaoTalk_20260916_142546931_03_jpg.rf.03fdfecd9fe2d9963d3fdaf414887ad0.jpg,NO_POSE,,,,,,,,,,,,유효한 등록 ArUco Pose가 없습니다.,C:\Users\한국전파진흥협회\OneDrive\바탕 화면\aaa\KakaoTalk_20260916_142546931_03_jpg.rf.03fdfecd9fe2d9963d3fdaf414887ad0.jpg,C:\Users\한국전파진흥협회\OneDrive\바탕 화면\git p11\machine-vision1\image_results\0094_KakaoTalk_20260916_142546931_03_jpg_rf_03fdfecd9fe2d9963d3fdaf414887ad0,C:\Users\한국전파진흥협회\OneDrive\바탕 화면\git p11\machine-vision1\image_results\0094_KakaoTalk_20260916_142546931_03_jpg_rf_03fdfecd9fe2d9963d3fdaf414887ad0\annotated.png,C:\Users\한국전파진흥협회\OneDrive\바탕 화면\git p11\machine-vision1\image_results\0094_KakaoTalk_20260916_142546931_03_jpg_rf_03fdfecd9fe2d9963d3fdaf414887ad0\map.png,C:\Users\한국전파진흥협회\OneDrive\바탕 화면\git p11\machine-vision1\image_results\0094_KakaoTalk_20260916_142546931_03_jpg_rf_03fdfecd9fe2d9963d3fdaf414887ad0\result.json,
95,KakaoTalk_20260916_142546931_04_jpg.rf.b000785e24843d61ebd4389c1a503408.jpg,OK,4,4,4,21918.40910838224,1685.9414064174127,-124.87068805584181,-155.03474314609474,0.0,2번강의실,2834.3511587366643,2.834351158736664,2번강의실 주변입니다.,C:\Users\한국전파진흥협회\OneDrive\바탕 화면\aaa\KakaoTalk_20260916_142546931_04_jpg.rf.b000785e24843d61ebd4389c1a503408.jpg,C:\Users\한국전파진흥협회\OneDrive\바탕 화면\git p11\machine-vision1\image_results\0095_KakaoTalk_20260916_142546931_04_jpg_rf_b000785e24843d61ebd4389c1a503408,C:\Users\한국전파진흥협회\OneDrive\바탕 화면\git p11\machine-vision1\image_results\0095_KakaoTalk_20260916_142546931_04_jpg_rf_b000785e24843d61ebd4389c1a503408\annotated.png,C:\Users\한국전파진흥협회\OneDrive\바탕 화면\git p11\machine-vision1\image_results\0095_KakaoTalk_20260916_142546931_04_jpg_rf_b000785e24843d61ebd4389c1a503408\map.png,C:\Users\한국전파진흥협회\OneDrive\바탕 화면\git p11\machine-vision1\image_results\0095_KakaoTalk_20260916_142546931_04_jpg_rf_b000785e24843d61ebd4389c1a503408\result.json,
96,KakaoTalk_20260916_142546931_05_jpg.rf.37d8a8888195e519a5503dfdde0a80d9.jpg,OK,4,4,4,20312.080729432324,1053.061458874792,-446.2565721319629,-91.84092708132486,0.0,2번강의실,1249.252153506965,1.249252153506965,2번강의실 주변입니다.,C:\Users\한국전파진흥협회\OneDrive\바탕 화면\aaa\KakaoTalk_20260916_142546931_05_jpg.rf.37d8a8888195e519a5503dfdde0a80d9.jpg,C:\Users\한국전파진흥협회\OneDrive\바탕 화면\git p11\machine-vision1\image_results\0096_KakaoTalk_20260916_142546931_05_jpg_rf_37d8a8888195e519a5503dfdde0a80d9,C:\Users\한국전파진흥협회\OneDrive\바탕 화면\git p11\machine-vision1\image_results\0096_KakaoTalk_20260916_142546931_05_jpg_rf_37d8a8888195e519a5503dfdde0a80d9\annotated.png,C:\Users\한국전파진흥협회\OneDrive\바탕 화면\git p11\machine-vision1\image_results\0096_KakaoTalk_20260916_142546931_05_jpg_rf_37d8a8888195e519a5503dfdde0a80d9\map.png,C:\Users\한국전파진흥협회\OneDrive\바탕 화면\git p11\machine-vision1\image_results\0096_KakaoTalk_20260916_142546931_05_jpg_rf_37d8a8888195e519a5503dfdde0a80d9\result.json,
97,KakaoTalk_20260916_142546931_06_jpg.rf.9ed2bf688964684a47202cf5221738b1.jpg,NO_POSE,,,,,,,,,,,,유효한 등록 ArUco Pose가 없습니다.,C:\Users\한국전파진흥협회\OneDrive\바탕 화면\aaa\KakaoTalk_20260916_142546931_06_jpg.rf.9ed2bf688964684a47202cf5221738b1.jpg,C:\Users\한국전파진흥협회\OneDrive\바탕 화면\git p11\machine-vision1\image_results\0097_KakaoTalk_20260916_142546931_06_jpg_rf_9ed2bf688964684a47202cf5221738b1,C:\Users\한국전파진흥협회\OneDrive\바탕 화면\git p11\machine-vision1\image_results\0097_KakaoTalk_20260916_142546931_06_jpg_rf_9ed2bf688964684a47202cf5221738b1\annotated.png,C:\Users\한국전파진흥협회\OneDrive\바탕 화면\git p11\machine-vision1\image_results\0097_KakaoTalk_20260916_142546931_06_jpg_rf_9ed2bf688964684a47202cf5221738b1\map.png,C:\Users\한국전파진흥협회\OneDrive\바탕 화면\git p11\machine-vision1\image_results\0097_KakaoTalk_20260916_142546931_06_jpg_rf_9ed2bf688964684a47202cf5221738b1\result.json,
98,KakaoTalk_20260916_142546931_07_jpg.rf.b2b82a7fb81eb698b5f55e4d9abf1830.jpg,NO_POSE,,,,,,,,,,,,유효한 등록 ArUco Pose가 없습니다.,C:\Users\한국전파진흥협회\OneDrive\바탕 화면\aaa\KakaoTalk_20260916_142546931_07_jpg.rf.b2b82a7fb81eb698b5f55e4d9abf1830.jpg,C:\Users\한국전파진흥협회\OneDrive\바탕 화면\git p11\machine-vision1\image_results\0098_KakaoTalk_20260916_142546931_07_jpg_rf_b2b82a7fb81eb698b5f55e4d9abf1830,C:\Users\한국전파진흥협회\OneDrive\바탕 화면\git p11\machine-vision1\image_results\0098_KakaoTalk_20260916_142546931_07_jpg_rf_b2b82a7fb81eb698b5f55e4d9abf1830\annotated.png,C:\Users\한국전파진흥협회\OneDrive\바탕 화면\git p11\machine-vision1\image_results\0098_KakaoTalk_20260916_142546931_07_jpg_rf_b2b82a7fb81eb698b5f55e4d9abf1830\map.png,C:\Users\한국전파진흥협회\OneDrive\바탕 화면\git p11\machine-vision1\image_results\0098_KakaoTalk_20260916_142546931_07_jpg_rf_b2b82a7fb81eb698b5f55e4d9abf1830\result.json,
99,KakaoTalk_20260916_142546931_08_jpg.rf.b49cc6a815f9ee3ed8ff815704af8a6a.jpg,NO_POSE,,,,,,,,,,,,유효한 등록 ArUco Pose가 없습니다.,C:\Users\한국전파진흥협회\OneDrive\바탕 화면\aaa\KakaoTalk_20260916_142546931_08_jpg.rf.b49cc6a815f9ee3ed8ff815704af8a6a.jpg,C:\Users\한국전파진흥협회\OneDrive\바탕 화면\git p11\machine-vision1\image_results\0099_KakaoTalk_20260916_142546931_08_jpg_rf_b49cc6a815f9ee3ed8ff815704af8a6a,C:\Users\한국전파진흥협회\OneDrive\바탕 화면\git p11\machine-vision1\image_results\0099_KakaoTalk_20260916_142546931_08_jpg_rf_b49cc6a815f9ee3ed8ff815704af8a6a\annotated.png,C:\Users\한국전파진흥협회\OneDrive\바탕 화면\git p11\machine-vision1\image_results\0099_KakaoTalk_20260916_142546931_08_jpg_rf_b49cc6a815f9ee3ed8ff815704af8a6a\map.png,C:\Users\한국전파진흥협회\OneDrive\바탕 화면\git p11\machine-vision1\image_results\0099_KakaoTalk_20260916_142546931_08_jpg_rf_b49cc6a815f9ee3ed8ff815704af8a6a\result.json,
100,KakaoTalk_20260916_142546931_jpg.rf.6b87fdfc54bc3dea559915c55f65a29e.jpg,NO_POSE,,,,,,,,,,,,유효한 등록 ArUco Pose가 없습니다.,C:\Users\한국전파진흥협회\OneDrive\바탕 화면\aaa\KakaoTalk_20260916_142546931_jpg.rf.6b87fdfc54bc3dea559915c55f65a29e.jpg,C:\Users\한국전파진흥협회\OneDrive\바탕 화면\git p11\machine-vision1\image_results\0100_KakaoTalk_20260916_142546931_jpg_rf_6b87fdfc54bc3dea559915c55f65a29e,C:\Users\한국전파진흥협회\OneDrive\바탕 화면\git p11\machine-vision1\image_results\0100_KakaoTalk_20260916_142546931_jpg_rf_6b87fdfc54bc3dea559915c55f65a29e\annotated.png,C:\Users\한국전파진흥협회\OneDrive\바탕 화면\git p11\machine-vision1\image_results\0100_KakaoTalk_20260916_142546931_jpg_rf_6b87fdfc54bc3dea559915c55f65a29e\map.png,C:\Users\한국전파진흥협회\OneDrive\바탕 화면\git p11\machine-vision1\image_results\0100_KakaoTalk_20260916_142546931_jpg_rf_6b87fdfc54bc3dea559915c55f65a29e\result.json,
